City,1995,1996,1997,1998,1999,2000,2001,2002,2003,2004,2005,2006,2007,2008,2009,2010,2011,2012,2013,2014,2015,2016,2017,2018,2019,2020,2021
Bruxelles / Brussel,:,:,:,:,:,:,:,:,"90,635.90","95,677.70","99,687.50","103,958.90","109,256.30","111,719.60",:,:,:,:,:,:,:,:,"143,908.10","149,383.30","156,819.80","147,786","158,263"
Antwerpen,:,:,:,:,:,:,:,:,"28,524.30","30,220.90","32,511.50","33,744.20","35,532.60","36,766.60","34,392.70","36,393.70","37,954.30","39,114.80","39,387.30","40,353.50","42,353.50","43,445.90","45,005.40","45,994","47,284.70","45,671","49,749"
Gent,:,:,:,:,:,:,:,:,"14,788.30","15,976.50","16,454","17,568.40","18,526.90","18,849.60","18,836.80","19,921.40","20,647.20","21,164","21,832.90","22,516.80","23,626.20","24,530.10","25,657.90","26,268.10","27,096.20","26,689","29,380"
Charleroi,:,:,:,:,:,:,:,:,"8,264.60","8,838","9,081.70","9,517.30","10,119.20","10,531.50",:,:,:,:,:,:,:,:,"11,763.60","12,278.70","12,182.60","11,704","12,750"
Liäge,:,:,:,:,:,:,:,:,"13,593","14,298","15,023","15,678.20","16,453","17,134","16,912.50","17,593.60","18,310.20","18,440","18,701.30","19,173.10","19,477","20,039.70","20,804.60","21,370.10","22,167.10","21,365","23,409"
Namur,:,:,:,:,:,:,:,:,"5,457.40","5,735","6,010.50","6,312.10","6,555.90","6,894","6,821.60","7,258.40","7,436.10","7,493.50","7,541.80","7,792.10","7,922.70","8,143.60","8,461.20","8,726.40","8,900.60","8,708","9,457"
Sofia,:,:,:,:,:,"3,820.29","4,478.50","5,255.35","5,579.99","6,311.87","7,327.82","8,974.66","11,333.84","13,182.75","13,977.43","14,728.42","16,042.37","15,965.90","15,732.79","16,161.15","17,495.66","18,582.57","20,090.50","21,781.06","24,962.84","25,094.62",:
Plovdiv,:,:,:,:,:,933.02,"1,058.27","1,134.67","1,237.73","1,384.15","1,595.01","1,737.72","2,007.86","2,167","2,449.50","2,490.33","2,721.02","2,782.52","2,809.29","2,772.61","3,049.74","3,349.15","3,593.11","3,906.53","4,286.14","4,352.90",:
Varna,:,:,:,:,:,791.5,877.04,968.34,"1,026.57","1,152.30","1,291.76","1,549.53","1,860.75","2,141.19","2,149.74","2,088.79","2,354.78","2,432.52","2,359.14","2,559.94","2,665.22","2,721.59","2,929.21","3,241.84","3,411.51","3,274.08",:
Burgas,:,:,:,:,:,829.15,699.23,758.15,841.45,941.22,"1,173.43","1,280.52","1,447.77","1,637.91","1,652.54","1,683.58","1,816.42","1,809.86","1,810.12","1,686.55","1,925.22","2,112.58","2,275.98","2,296.33","2,443.09","2,067.17",:
Praha,"12,465.97","14,438.90","15,376.15","17,526.37","18,342.43","20,473.25","23,431.99","28,027.47","28,666.23","31,100.78","35,699.68","41,007.52","46,359.07","54,934.10","50,230.71","53,713.54","55,277.68","54,390.04","53,216.40","53,411.75","57,720.07","61,089.63","66,807.49","73,538.20","79,832.10","75,911.89","83,849.10"
Brno,"4,304.44","4,988.45","5,112.30","5,562.18","5,559.38","6,097.87","6,907.33","7,909.88","8,105.04","8,643.60","9,783.43","11,110.23","12,553.48","15,221.96","13,878.19","14,654.60","15,539.57","15,374.29","15,420.98","14,959.87","16,106.71","16,552.75","18,020.02","20,014.08","21,481.73","21,346.66","23,789.27"
Ostrava,"4,563.09","5,314.36","5,349.82","5,594.41","5,484.76","5,871.99","6,630.30","7,497.53","7,565.38","8,449.06","10,014.94","11,108.85","12,342.54","14,442.64","12,857.76","13,698.74","14,632.66","14,384.95","13,478.64","13,673.70","14,377.58","14,983.10","16,089.76","17,587.55","17,942.23","16,893.37","19,249.61"
Plzen,"2,173.54","2,538.24","2,567.33","2,731.20","2,763.77","3,068.04","3,489.05","3,982.89","4,088.68","4,552.79","4,995.53","5,803.01","6,242.24","6,895.86","6,648.72","7,074.87","7,428.71","7,070.02","7,158.78","7,191.64","7,621.80","7,966.71","8,690.80","9,398.92","9,857.34","9,503.95","10,558.19"
Kõbenhavn,:,:,:,:,:,"59,918.44","62,206.36","62,885.94","64,701.98","68,479.01","72,630.91","74,046.73","76,295.20","80,249.61","79,306.08","85,895.69","85,856.44","89,352.19","92,558.36","97,081.61","102,359.53","105,400.12","110,868.58","114,179.29","116,727.75","118,039.63","132,120.88"
èrhus,:,:,:,:,:,"19,864.10","20,786.09","21,704.73","21,935.75","22,618.99","23,214.53","25,170.33","26,003.68","27,401.69","27,243.69","27,546.09","28,381.61","28,912.64","29,217.88","29,980.15","30,744.90","33,162.04","34,558.65","35,438.07","37,128.09","38,120.12","40,351.22"
Odense,:,:,:,:,:,"10,977.76","11,393.57","11,813.47","11,918.80","12,301.51","12,382.78","13,294.63","13,800.90","14,644.05","14,244.98","14,257.11","14,603.25","14,708.95","14,925.11","15,354.94","15,722.31","16,380.22","17,084.53","17,260.37","17,652.72","17,710.55","18,630.63"
Aalborg,:,:,:,:,:,"14,341.28","14,792.34","15,588.05","15,875.22","15,873.06","16,121.88","17,420.73","18,179.74","18,778.03","18,220.03","18,437.96","18,664","19,289.73","19,555.24","19,852.18","20,491.64","21,163.97","22,135.48","22,294.45","22,788.20","22,611.15","23,402.04"
Berlin,:,:,:,:,:,"101,081.29","102,756.88","102,857.31","102,558.32","104,041.89","105,909.62","110,193.26","114,324.41","118,978.32","118,304.47","123,200.78","128,863.76","131,415.63","135,543.10","143,041.99","149,481.76","158,665.70","168,009.65","177,077","186,106","186,006",:
Hamburg,:,:,:,:,:,"95,447.34","100,269.83","100,994.90","101,041.32","103,998.63","106,592.38","108,649.07","111,712.15","114,764.30","110,512.15","113,711.80","115,833.18","118,976.81","123,192.58","126,912.70","132,122.44","135,878.17","142,881.57","146,233","153,038","148,555",:
MÅnchen,:,:,:,:,:,"102,669.19","108,054.73","110,025.99","108,153.32","112,678.21","114,400.87","118,421.78","125,063.38","123,384.43","121,406.76","125,212.25","134,330.50","138,355.67","143,217.58","149,250.63","155,911.43","163,724.32","172,869.44","176,522","184,517","181,714",:
Kîln,:,:,:,:,:,"57,487.05","59,491.33","59,846.55","59,941.41","61,393.98","60,646.73","63,383.58","66,381.75","64,628.44","63,647.47","65,520.20","67,589.37","69,122.22","71,484.85","75,945.52","81,283.90","83,118.89","86,550.49","88,834","90,204","86,459",:
Frankfurt am Main,:,:,:,:,:,"94,392.68","98,203.98","97,673.22","100,425.70","101,531.78","102,075.41","105,847.50","108,726.40","109,918.08","105,649.07","108,481.31","113,409.27","113,484.08","116,531.34","121,881.56","124,738.08","129,478.38","133,591.60","136,783","140,628","137,149",:
Stuttgart,:,:,:,:,:,"85,277.35","91,406.57","91,804.01","93,644.13","93,288.93","91,154.30","98,442.90","104,456.51","102,798.10","91,813.13","102,930.01","108,926.05","112,061.65","114,800.30","119,139.38","127,500.77","129,449.30","136,295.28","141,213","139,120","134,389",:
Leipzig,:,:,:,:,:,"16,677.72","17,231.78","17,760.78","18,020.49","18,451.68","18,436.38","19,726.86","20,474.54","20,997.31","20,683.44","21,630.02","23,056.57","23,941.68","24,909.32","26,377.68","27,180.61","28,357.39","29,789.26","30,628","32,347","32,338",:
Dresden,:,:,:,:,:,"23,193.79","24,323.64","25,367.02","26,197.89","27,196.54","26,954.97","27,888.80","28,774.12","28,823.23","27,861.02","28,967.33","30,057.03","30,491.09","31,711.62","33,293.02","35,246.11","36,218.31","37,618.24","38,847","40,401","40,320",:
DÅsseldorf,:,:,:,:,:,"52,900.37","56,536.02","56,403.34","56,702.18","58,814.51","59,224.98","60,775.06","65,067.41","67,108.92","63,624.54","64,629.75","65,859.76","66,187.79","68,175.12","70,414.34","72,624.32","74,386.38","77,953.45","80,970","81,796","80,738",:
Bremen,:,:,:,:,:,"28,936.44","29,876.59","30,451.74","30,795.65","31,588.89","31,627.96","33,369.28","34,701.09","35,237.71","32,542.30","34,665.20","36,275.31","37,714.46","38,492.46","39,975.67","40,700.40","41,973.74","43,604.91","44,175","45,127","44,868",:
Hannover,:,:,:,:,:,"33,079.13","33,555.91","34,003.86","34,435.60","34,564.53","36,833.06","38,899.02","39,263.49","40,161.72","38,862.37","40,308.17","42,374.85","43,055.71","42,984.14","44,720.52","45,530.82","48,358.47","49,453.47","51,584","53,454","52,961",:
NÅrnberg,:,:,:,:,:,"35,037.03","34,945.55","36,292.90","36,132.78","38,251.84","37,703.52","39,301.51","41,030.20","42,196.06","41,281.70","42,740.98","45,380.09","47,266.41","48,354.14","50,466.57","52,242.19","54,589.42","57,200.32","59,446","61,571","60,648",:
Bielefeld,:,:,:,:,:,"7,963.76","8,321.50","8,167.32","8,192.69","8,310.92","8,508.89","8,627.77","9,203.48","9,315.75","9,115.60","9,310.11","9,856.85","10,083.29","10,454.43","10,932.39","11,184.99","11,489.52","11,947.93","12,420","12,790","12,852",:
Halle an der Saale,:,:,:,:,:,"8,630.69","8,760.76","8,991.39","9,095.58","9,451.95","9,366.97","9,734.49","9,716.55","9,765.24","9,585.46","10,266.58","10,473.89","10,651.61","10,715.27","10,912.21","11,343.33","11,725.55","12,201.21","12,633","12,977","12,887",:
Magdeburg,:,:,:,:,:,"9,104.31","9,409.66","9,857.22","9,862.34","9,987.79","10,091.39","10,468.34","10,975.77","11,475.88","10,949.30","11,384.59","11,690.84","12,156.79","12,374.69","12,882.95","12,888.46","13,162.29","13,656.43","13,955","14,597","14,488",:
Wiesbaden,:,:,:,:,:,"13,630.64","14,031.54","14,073.14","14,857.02","15,156.53","15,155.03","15,529.91","16,129.19","16,194.64","15,716.93","16,122.73","16,606.82","16,932.47","17,270.39","18,146.74","18,441.57","19,124.31","20,092.70","20,156","21,016","21,073",:
Gîttingen,:,:,:,:,:,"9,588.51","9,674.69","9,726.66","9,749.36","10,149.38","10,211.93","10,679.73","11,295.41","11,079.25","10,616.56","10,997.77","11,659.27","11,731.87","12,049.65","12,516.11","12,678.69","13,256.23","13,656.82","13,962","14,182","14,125",:
Darmstadt,:,:,:,:,:,"11,304.23","11,983.82","12,266.77","12,058.41","12,543.29","12,470.04","12,795.67","13,123.81","13,468.50","13,070.44","13,796.16","14,724.36","14,947.71","15,246.74","15,831.99","16,365.26","17,756.86","18,637.56","18,978","19,736","19,881",:
Freiburg im Breisgau,:,:,:,:,:,"13,402.05","13,838.17","14,382.47","14,159.92","14,380.11","14,497.98","15,140.49","15,708.06","16,131.25","15,654.31","16,682.71","17,628.87","18,024.27","18,745.13","19,818.94","20,428.50","21,002.37","21,863.34","22,736","23,961","24,138",:
Regensburg,:,:,:,:,:,"10,885.51","10,922.06","11,111.19","11,535.86","12,174.55","12,264.88","12,835.36","13,834.94","14,325.85","13,302.31","15,123.29","15,965.52","16,060.35","16,504.93","17,551.67","18,084.23","18,613.58","19,973.74","19,909","20,454","20,338",:
Schwerin,:,:,:,:,:,"5,259.27","5,591.58","5,578.50","5,604.28","5,637.31","5,709.42","5,784.26","6,029.88","6,087.67","6,031.38","6,159.46","6,490.74","6,654.11","6,750.36","7,116.30","7,249.61","7,529.88","8,012.39","8,085","8,598","8,768",:
Erfurt,:,:,:,:,:,"9,851.66","10,106.62","10,157.71","10,342.92","10,719.11","10,667.24","11,202.77","11,489.69","11,563.97","11,334.37","11,848.39","12,593.77","12,708.72","13,512.79","14,216.81","14,472.37","14,865.08","15,264.34","15,583","16,240","16,154",:
Augsburg,:,:,:,:,:,"14,590.87","15,346.98","15,792.68","15,640.67","16,169.06","16,346.77","16,964.97","17,302.57","17,412.07","16,672.46","17,624.31","18,684.95","19,241.34","19,293.79","20,082.56","21,187.38","21,740.96","22,407.53","23,371","24,263","23,850",:
Bonn,:,:,:,:,:,"24,875.34","25,298.03","28,631.94","26,177.28","26,757.51","26,998.64","28,929.23","30,097.62","31,224.05","31,408.33","31,576.33","32,423.33","31,824.96","33,704.94","33,079.30","33,906.61","34,449","36,240.63","39,102","38,064","38,466",:
Karlsruhe,:,:,:,:,:,"20,695.74","21,464.63","21,628.03","21,443.19","22,376.40","22,758.06","24,431.06","25,450.44","26,237.70","24,979.63","26,183.19","27,019.67","27,499.23","27,674.97","29,429.71","30,733.77","31,335.37","32,673.67","34,076","34,948","34,180",:
Mînchengladbach,:,:,:,:,:,"5,474.19","5,915.12","5,781.43","5,583.59","5,633.28","5,682.07","5,828.04","6,324.82","6,295.46","6,058.97","6,260.02","6,520.64","6,758.65","6,781.88","7,046.75","7,351.50","7,614.78","7,995.02","8,049","8,175","8,103",:
Mainz,:,:,:,:,:,"11,462.13","11,656.13","11,538.45","11,271.21","11,435.77","11,922.06","12,254.01","12,799.58","13,178.73","13,505.27","14,083.99","14,536.68","15,281.15","15,539.79","15,969.86","16,362.43","17,029.11","17,313.70","17,866","18,405","18,708",:
Ruhrgebiet,:,:,:,:,:,"103,245.36","105,306.05","107,053.46","108,404.97","112,256.63","113,797.03","116,504.32","122,298.98","128,321.17","123,015.32","127,035.68","131,728.68","131,064.19","131,910.34","136,390.45","138,559.03","141,207.02","146,450.88","152,777","155,844","153,903",:
Kiel,:,:,:,:,:,"13,788.55","14,342.46","14,090.27","14,439.73","14,248.33","14,319.59","14,803.86","14,909.73","15,669.81","15,363.21","15,460.06","16,415.09","17,039.85","17,347.95","17,830.25","17,934.43","18,505.40","19,592.12","20,143","21,191","21,301",:
SaarbrÅcken,:,:,:,:,:,"19,394.36","19,891.70","19,852.89","20,055.53","21,138.33","22,155.33","23,175.86","24,173.84","24,378.79","21,748.16","22,992.83","24,542.94","24,604.64","24,401.68","25,683.22","26,334.84","26,441.49","26,987.17","27,349","27,275","26,433",:
Koblenz,:,:,:,:,:,"8,930.34","8,938.52","9,261.43","9,552.05","9,834.05","9,778.55","10,039.30","10,142","10,217.32","9,906.24","10,190.75","10,760.49","11,024.30","11,480.53","11,807.17","12,182.42","12,399.10","12,875.73","13,020","13,512","13,503",:
Rostock,:,:,:,:,:,"7,517.81","7,378.30","7,462.14","7,332.05","7,465.70","7,484.56","7,640.99","8,025.09","8,402.84","8,349.97","8,936.18","9,281.15","9,301.27","9,802.81","10,447.01","10,569.15","10,823.09","11,822.22","11,702","12,770","12,433",:
Kaiserslautern,:,:,:,:,:,"5,275.37","5,241.65","5,316.89","5,493.38","5,615.52","5,397.32","5,564.77","5,681.70","5,871.21","5,650.56","5,891.55","6,121.14","6,134.91","6,242.09","6,697.65","6,949.03","7,232.70","7,231.41","7,439","7,661","7,604",:
Iserlohn,:,:,:,:,:,"10,147.41","10,141.56","10,073.27","9,940.13","10,151.98","10,328.99","10,878.21","11,112.15","11,375.49","10,404.59","11,043.95","11,616.90","11,817.01","12,236.52","12,442.13","13,059.64","13,160.34","13,655.24","13,763","13,762","13,289",:
Flensburg,:,:,:,:,:,"5,453.77","5,502.35","5,526.17","5,620.19","5,803.81","5,760.79","5,964.28","6,087.50","6,259.44","6,154.93","6,232.35","6,397.19","6,599.47","6,746.96","7,034.08","7,210.43","7,404.82","7,932.24","8,117","8,581","8,613",:
Konstanz,:,:,:,:,:,"5,474.26","5,822.57","5,631.11","5,836.41","5,774.12","6,009.79","6,427.47","6,793.85","6,951.74","6,653.22","6,850.20","7,083.68","7,348.96","7,814.99","8,011.01","8,141.60","8,488.09","8,732.27","9,016","9,365","9,695",:
Gie·en,:,:,:,:,:,"6,152.61","6,423.65","6,489.26","6,545.17","6,635.64","6,589.03","6,830.50","7,108.90","7,239.37","6,637.84","6,876.33","7,094.77","7,148.67","7,214.27","7,657.97","7,855.86","8,281.21","8,508.26","8,813","9,073","9,059",:
Bayreuth,:,:,:,:,:,"5,764.11","5,894.64","5,884.39","5,745.14","5,796.85","5,832.95","6,021.51","6,207.44","6,330.70","6,416.89","6,618.76","6,937.57","7,194.71","7,317.96","7,596.57","7,858.09","8,203.13","8,598.97","8,688","8,836","8,766",:
Aschaffenburg,:,:,:,:,:,"8,749.12","9,432.96","9,579.56","9,817.08","9,787.51","10,173","10,831.86","11,296.34","10,992.12","10,501.71","10,970.72","12,028.43","12,026.20","12,098.21","12,378.27","12,553.60","13,316.68","13,615.12","13,936","14,354","13,879",:
Neubrandenburg,:,:,:,:,:,"4,750.99","4,853.46","4,829.99","5,018.82","5,112.72","4,964.44","5,206.29","5,331.09","5,275.14","5,246.09","5,304.49","5,454.14","5,589.97","5,742.60","5,913.35","5,936.46","6,037.39","6,474.26","6,406","6,792","6,918",:
Rosenheim,:,:,:,:,:,"5,926.83","6,106.32","6,303.46","6,261.53","6,558.81","6,674.94","7,030.93","7,254.87","7,577.76","7,408.52","7,709.06","8,263.78","8,558.84","8,851.52","9,307.18","9,592.58","9,972.42","10,282.76","10,695","11,223","11,094",:
Offenburg,:,:,:,:,:,"10,005.52","10,283.48","10,493.42","10,552.96","10,988.62","11,126.97","11,762.74","12,291.66","12,487.96","11,636.63","12,254.74","13,138.07","12,814.06","13,178.76","13,702.52","14,095.83","14,777.46","15,220.98","15,932","16,457","16,083",:
Gîrlitz,:,:,:,:,:,"3,634.47","3,699.68","3,908.40","3,910.95","4,056.61","4,105.88","4,276.27","4,720.25","4,731.62","4,756.86","4,949.40","5,105.87","5,264.03","5,365.82","5,546.67","5,680.48","5,812.63","6,024.39","6,305","6,604","6,536",:
Schweinfurt,:,:,:,:,:,"6,404.71","6,620.68","6,907.63","6,780.38","7,100.35","7,440.72","7,534.27","7,834.94","7,970.82","7,425.83","8,064.66","8,751.69","8,875.40","9,050.23","9,385.23","9,411.10","9,675.20","10,235.72","10,449","10,413","10,199",:
Wetzlar,:,:,:,:,:,"5,498.75","5,483.02","5,535.67","5,683.98","6,066.83","6,130.32","6,377.77","6,687.60","6,924.53","6,184.56","6,402.41","6,862.11","6,786.98","6,779.98","7,050.20","7,289.75","7,452.22","7,624.44","7,879","8,116","7,904",:
Braunschweig-Salzgitter-Wolfsburg,:,:,:,:,:,"28,816.57","29,796.95","28,674.44","29,150.60","29,570.19","31,138.82","32,153.38","34,279.06","35,438.14","32,563.21","36,742.83","39,963.38","40,385.53","40,873.49","43,408.25","40,849.83","50,008.18","49,546.56","52,649","55,875","51,941",:
Mannheim-Ludwigshafen,:,:,:,:,:,"32,897.32","33,475.71","34,839.60","35,312","36,576.96","36,340.58","37,262.78","38,637.60","39,503.26","36,991.22","39,680.26","40,776.09","41,436.95","42,468.47","43,308.11","45,707.34","46,677.21","48,259.50","49,166","49,841","48,625",:
MÅnster,:,:,:,:,:,"14,558.85","15,018.23","15,216.62","15,686.24","16,257.11","16,491.31","17,367.59","18,115.23","18,570.79","16,847.45","17,145.27","17,688.05","18,109.07","17,941.44","18,676.14","19,254.63","19,891.49","20,890.96","21,434","22,251","22,519",:
Aachen,:,:,:,:,:,"12,523.13","12,327.99","13,170.34","12,783.01","13,393.66","13,204.90","13,376.85","14,179.49","14,360.72","13,947.59","14,497.35","14,850.71","15,551.56","15,356.68","16,733.34","17,248.96","17,788.10","18,433.83","19,077","19,656","19,404",:
LÅbeck,:,:,:,:,:,"8,945.05","9,250.96","9,335.53","9,460.46","9,317.60","9,488.70","9,536.70","9,834.90","9,940.42","9,681.85","10,139.53","10,478.12","10,943.80","11,283.15","11,285.17","11,748.73","11,744.29","13,004.33","13,327","13,923","13,899",:
Kassel,:,:,:,:,:,"10,590.37","10,747.91","11,116.51","11,643.92","11,501.42","11,284.15","11,835.59","12,076.39","12,253.07","11,682.23","12,079.75","12,702.16","12,737.48","13,016.85","13,754.71","14,042.89","15,627.16","15,641.44","15,846","16,312","15,427",:
OsnabrÅck,:,:,:,:,:,"10,752.83","10,749.09","10,914.45","11,056.72","11,556.14","11,631.83","12,220.33","12,750.41","13,125.85","12,406.72","13,089.24","14,038.52","14,186.88","14,520.12","15,192.83","15,794.59","16,210.92","16,763.26","17,162","17,979","18,264",:
Oldenburg (Oldenburg),:,:,:,:,:,"8,147.27","8,485.70","8,590.59","8,391.82","8,736.70","8,744.06","9,251.33","9,579.79","9,742.13","9,660.12","10,074.94","10,592.60","10,805.52","11,141.36","11,670.80","11,910.25","12,351.98","12,953.80","13,428","14,071","14,331",:
Heidelberg,:,:,:,:,:,"16,002.05","17,002.87","17,312.44","16,933.06","17,013.27","17,416.52","18,495.77","19,295.26","19,995.66","19,336.12","20,098.24","21,018.30","21,039.80","21,584.34","22,432.49","23,053.14","23,601.27","24,773.55","25,422","27,428","27,045",:
Paderborn,:,:,:,:,:,"6,145.35","6,180.25","6,272.99","6,195.87","6,526.23","6,642.95","7,037.96","7,690.69","7,848.34","7,457.64","7,603.76","7,858.20","8,174.94","8,432.47","8,998.92","9,052.88","9,511.39","9,793.13","9,981","10,238","10,049",:
WÅrzburg,:,:,:,:,:,"11,570.45","12,124.47","12,271.53","12,309.84","12,567.38","12,836.85","13,114.40","13,622.72","13,882.68","13,359.02","14,359.32","15,078.76","15,329.88","15,718.14","16,357.13","16,971.52","17,612.73","18,456.38","18,671","19,433","19,159",:
Bremerhaven,:,:,:,:,:,"5,365.53","5,467.64","5,430.43","5,658.43","5,689.17","5,863.20","6,077.90","6,213.15","6,204.76","5,926.29","6,106.12","6,300.83","6,695.98","6,709.90","7,075.58","7,176.76","7,321.19","7,590.72","7,806","8,080","8,273",:
Heilbronn,:,:,:,:,:,"12,378.26","12,885.26","12,682.34","12,597.36","12,894.34","13,333.93","14,607.57","15,098.14","15,503.67","14,728.97","15,712.76","16,925.83","18,041.28","19,403.67","20,198.84","21,099.88","21,166.75","22,547.74","24,139","25,305","24,765",:
Ulm,:,:,:,:,:,"12,036.96","12,409.88","12,282.94","12,517.28","13,001.91","13,368.98","14,104.34","15,142.96","15,471.88","14,396.35","15,386.74","16,174.27","16,164.59","16,929.63","17,494.74","18,134.57","19,108.89","19,719.47","20,590","21,398","21,009",:
Pforzheim,:,:,:,:,:,"6,632.66","6,718.06","6,764.96","6,805.55","7,088","7,330.77","7,608.58","7,777.71","7,798.81","7,164.08","7,938.98","8,420.68","8,723.19","8,987.51","9,141.76","9,376.75","9,531.09","9,807.71","10,109","10,346","10,266",:
Ingolstadt,:,:,:,:,:,"11,064.67","12,104.97","12,466.50","12,963.39","13,275.22","13,663.15","15,177.37","15,471.42","15,051.56","14,984.05","18,232.92","20,269.70","21,722.46","24,065.95","24,416.13","26,270.36","26,618.67","27,724.27","27,319","29,014","28,268",:
Reutlingen,:,:,:,:,:,"6,729.75","6,938.79","7,102.75","7,046.13","7,403.21","7,102.96","7,530.79","7,832.65","8,110.90","7,222.30","7,875.89","8,275.60","8,405.68","8,886.96","9,450.69","9,570.87","9,961.05","10,334.74","10,495","10,867","10,489",:
Siegen,:,:,:,:,:,"9,016.22","9,122.12","8,915.77","9,138.40","9,331.79","9,561.60","10,203.48","10,669.30","11,106.80","10,212.63","10,579.11","11,292.75","11,344.32","11,427.37","11,832.13","12,280.79","12,569.49","13,017.09","13,391","13,525","12,969",:
Hildesheim,:,:,:,:,:,"5,006.77","5,028.36","5,284.22","5,419.15","5,447.94","5,451.88","5,512.75","5,554.61","5,827.58","5,539.59","5,772.80","6,077.42","6,276.58","6,117.14","6,445.06","6,586.83","6,771.53","7,019.41","7,082","7,398","7,397",:
Zwickau,:,:,:,:,:,"5,826.85","6,107.81","6,070.01","6,120.20","6,298.42","6,146.49","6,308.18","6,690.45","6,667.09","6,469.27","6,830.70","7,206.06","7,291.72","7,353.01","7,947.13","8,302.98","8,515.62","8,868.46","8,889","9,180","8,723",:
Wuppertal,:,:,:,:,:,"9,123.32","8,751.46","8,755.49","8,593.91","8,941.12","9,014.80","9,101.78","9,347.50","9,492.31","9,275.08","9,391.19","9,786.78","9,795.82","10,001.27","10,645.30","10,961.84","11,569.78","11,698.29","11,755","12,103","11,427",:
DÅren,:,:,:,:,:,"4,953.10","4,862.24","4,880.46","4,904.21","5,095.90","5,081.28","5,306.50","5,407.18","5,688.40","5,448.61","5,569.15","5,812.20","6,030.51","6,164.61","6,347.76","6,529.96","6,647.49","6,837.01","7,045","7,319","7,467",:
Bocholt,:,:,:,:,:,"7,179.20","7,308.12","7,253.30","7,293.89","7,580.57","7,749.53","8,108.28","8,514.26","8,948.69","8,692.29","9,322.76","9,976.39","10,250.53","10,487.07","10,954.15","11,422.33","11,815.34","12,284.54","12,500","13,063","13,089",:
Tallinn,"1,410.29","1,781.75","2,196.98","2,516.57","2,758.60","3,166","3,614.10","4,073","4,608.30","5,196.30","5,967.60","7,207.40","8,535.60","8,691.50","7,471","7,720.30","8,997.80","9,848.50","10,483.40","11,078.50","11,326.50","11,945.70","13,178","14,137.10","14,920.30","15,128.30","17,398.30"
Dublin,:,:,:,:,:,"50,102.95","54,629.48","59,350.38","63,362.60","69,613.93","77,833.25","83,458.39","90,153.02","87,615.69","79,983.42","80,239.44","78,598.25","81,040.56","88,115.99","97,981.92","112,021.61","126,786.03","137,214.30","150,408.59","164,390.21","177,155.99",:
Cork,:,:,:,:,:,"15,815.69","19,318.72","24,435.44","23,767.85","23,087.01","24,971.62","27,160.51","29,769.88","27,393.12","26,605.59","26,206.05","29,122.62","29,769.81","28,151.30","31,739.25",:,:,:,"80,112.52","83,548.81","97,453.96",:
Athina,:,:,:,:,:,"55,292.38","58,461.66","63,851.60","69,967.72","77,460.26","80,284.18","87,071.13","93,390.01","97,673.07","98,355.44","90,955","82,018.59","75,616.51","72,638.66","71,349.38","70,432.07","69,034.25","70,404.16","70,735.59","72,303","65,898",:
Thessaloniki,:,:,:,:,:,"11,420.04","12,227.38","12,999.15","14,341.25","15,737.13","15,644.41","17,362.88","18,496.41","19,448.02","19,242.37","17,316","15,610.74","14,313.55","13,472.36","13,124.18","13,327.85","13,230.25","13,439.32","13,668.68","13,849","12,635",:
Madrid,:,:,:,:,:,"104,055.70","113,580.40","121,792.60","129,752.60","138,537.80","148,788.80","161,659.30","174,588.40","185,458.50","185,893.40","181,114.20","182,882.30","179,429.20","175,580.40","177,080.70","185,387.10","192,704.60","201,757.40","209,424.20","219,566.70","199,333",:
Barcelona,:,:,:,:,:,"84,084","90,867.50","95,956","102,094.90","108,254.50","116,799","125,259","135,127.30","141,569.30","138,289.60","136,344.30","134,890","130,761.10","129,220.50","131,237.20","136,721.60","142,611","149,948.40","155,584.30","162,521.30","145,803",:
Valencia,:,:,:,:,:,"30,539.90","33,471.80","35,975.50","38,081.70","40,394.50","42,695.40","46,250","50,697.50","53,800.50","51,658.20","50,798.70","50,400.80","48,188.60","47,442.90","48,244.60","49,652.80","50,451.20","51,940.40","54,391.20","56,373.80","51,472",:
Sevilla,:,:,:,:,:,"18,816.60","20,578.40","22,635.20","24,399.50","25,978.20","28,185.10","30,063","32,758.60","34,196.30","33,722.70","32,908.30","32,897.60","32,107.10","30,988.70","31,484.10","32,330.80","32,960.50","34,414.60","35,553.40","36,766.40","33,563",:
Zaragoza,:,:,:,:,:,"13,158.70","14,094.30","15,310.70","16,354.70","17,423.10","18,708.20","20,241.90","22,155.20","23,319","22,795.20","22,491.40","22,232.60","21,238.20","21,082.30","21,261","21,766.50","22,520.60","23,772.30","24,623.20","25,535.70","23,726",:
M†laga - Marbella,:,:,:,:,:,"13,604","15,273.50","16,329.30","17,760.60","19,578.90","21,874.50","23,306.40","24,760.70","26,097.40","25,783","25,232.80","24,906.90","23,774.80","23,398.40","23,995.90","25,017","25,576.50","26,830.90","27,936.30","29,206.20","25,770",:
Murcia - Cartagena,:,:,:,:,:,"14,289.30","15,628.70","16,990","18,382.90","19,643.50","21,419.90","23,180.90","25,217.80","26,817","25,929.40","25,642.90","25,097.60","24,379.60","24,300.50","24,352.50","25,887.80","26,648.70","27,685.50","28,138.40","29,312","27,117",:
Las Palmas,:,:,:,:,:,"10,069.80","10,914.90","11,467.80","12,074.10","12,383.10","12,879.20","13,712.30","14,617.50","15,324.30","15,002.20","14,571.10","14,459.80","13,866.70","13,770","13,676.90","13,887.10","14,651.10","15,267.60","15,810.50","16,281.60","13,524",:
Valladolid,:,:,:,:,:,"7,261.20","7,805.60","8,295.30","8,655.60","9,185.90","9,864","10,477.80","11,270.70","11,651","11,401.40","11,531.20","11,383.20","10,982.80","10,816.40","10,946.40","11,341.40","11,930.50","12,479","13,026","13,273.30","12,229",:
Palma de Mallorca,:,:,:,:,:,"12,458.90","13,501.90","14,226.10","14,789.10","15,712.30","16,873.40","18,206.30","19,714.10","21,012","20,489.40","20,034.20","19,915.20","19,476.10","19,303.60","19,778.70","20,779.70","21,874.50","22,987.70","23,922.60","24,864.60","19,577",:
Vitoria/Gasteiz,:,:,:,:,:,"5,715.20","6,229","6,755.90","7,134.10","7,636.40","8,286","9,163.10","10,027.80","10,797.40","10,180.90","9,944.80","10,060.50","9,770.80","9,805.60","10,052.90","10,262.50","10,861.50","11,199.10","11,528.60","11,621.10","10,707",:
Oviedo - Gij¢n,:,:,:,:,:,"13,005.30","14,049.50","14,857.70","15,613.30","16,509.30","17,811.40","19,273.30","20,820.90","21,975","21,123.60","20,884.90","20,618.60","19,648.70","18,980","18,832.80","19,422.50","19,684.70","20,483.20","21,017.60","21,505","19,408",:
Pamplona/Iru§a,:,:,:,:,:,"10,161.60","10,866.70","11,593.40","12,274.80","13,019.60","13,928.70","14,892.50","16,009.30","17,065.60","16,770.50","16,512.40","16,533.40","15,894.30","15,762.90","15,953.80","16,484.50","17,008.60","17,703.10","18,156.30","18,931.10","17,283",:
Santander,:,:,:,:,:,"7,244.20","7,858","8,383","8,789.90","9,305.50","9,998.40","10,672.30","11,551.60","12,221.10","11,984.30","11,792.80","11,631.60","11,189.90","10,855.60","10,996.50","11,202.20","11,557","11,991.80","12,437.50","12,861.30","11,714",:
Bilbao,:,:,:,:,:,"19,094.10","20,003.70","21,158.10","22,422.10","23,623.70","25,337.20","26,780.20","28,618.60","30,757","30,376.80","30,205.10","29,753.10","28,944.30","28,191.90","28,683","29,830.20","30,555.10","31,132.70","32,201.60","33,346.60","30,010",:
C¢rdoba,:,:,:,:,:,"7,412.90","7,866.50","8,324.20","9,087.90","9,822.10","10,395.50","11,321.70","12,299.10","12,759.20","12,505.20","12,153.90","12,032.50","11,317.50","11,373.10","11,380.30","12,004.70","12,198.80","12,686.90","12,852.40","12,807.80","11,925",:
Alicante/Alacant - Elche/Elx,:,:,:,:,:,"18,471.40","20,396.90","21,798.80","23,342.80","25,223.20","27,267.50","29,241.80","31,028.60","32,455.30","31,009.80","29,959.70","29,029.80","27,715.60","27,331.50","28,030.40","29,001.50","30,348.60","31,745","32,572.20","33,889.60","31,034",:
Vigo,:,:,:,:,:,"10,397.80","11,210","11,710.90","12,553","13,597.90","14,507.20","15,870.80","17,345.30","18,498.60","17,864.30","17,254.20","16,843.50","16,237.10","16,219","16,447.10","17,037.10","17,450.60","18,566.90","18,833.40","19,624","18,362",:
Santa Cruz de Tenerife,:,:,:,:,:,"9,778.30","10,689.30","11,488.70","12,304.70","13,165.80","14,215","15,047","16,232.60","16,937.50","16,216.80","16,464.30","16,442.80","15,896.50","15,565.10","15,662.20","16,300.50","16,673.20","17,587.20","18,151","18,785.80","15,637",:
A Coru§a,:,:,:,:,:,"12,684.10","13,634.80","14,861.50","15,839.70","16,964.20","18,339.20","19,698.60","21,593.40","23,037.40","23,017.70","22,866.90","22,430.40","21,516.60","21,367.70","21,135","22,189.70","22,992.10","23,579.40","24,542.70","25,138.90","23,021",:
Granada,:,:,:,:,:,"7,879.30","8,582.30","9,398.60","10,121","10,759.30","11,451.90","12,790","13,808.60","14,510.40","14,133","13,751.30","13,770.20","13,438.30","13,250.70","13,617.80","14,260.40","14,278.80","14,667.60","15,088.30","15,766.40","14,452",:
Guip£zcoa,:,:,:,:,:,"12,274.50","13,514.60","14,045","14,524.50","15,405.40","16,344.10","17,896","19,278","19,989.60","19,346.40","19,270.80","19,281.90","18,819","18,366.50","18,399.10","18,955.90","19,485.50","20,816","21,354.40","22,214.60","19,888",:
C†diz,:,:,:,:,:,"12,223.40","13,133.40","13,985","14,785.20","16,078.70","17,150.40","18,388.70","19,516.30","20,168","19,282.20","19,187.50","19,176.70","18,407.40","17,895.70","17,656.50","18,182.30","18,767.20","19,652.10","20,159.10","20,999.40","18,349",:
Paris,:,:,:,:,:,"389,827.93","404,844.54","420,305.19","428,924.95","443,078.54","460,969.04","476,859.27","509,097.59","529,439.79","516,090.32","544,930.94","552,257.96","565,582.80","577,875.49","585,599.84","599,484.28","612,310.65","627,530.48","648,041.46","675,097.81","624,522","677,182"
Lyon,:,:,:,:,:,"44,148.94","45,820.76","46,504.39","47,901.13","50,835.26","52,568.05","55,982.35","58,373.12","62,633.36","60,671.24","63,601.67","65,300.11","67,032.14","67,594.75","68,928.47","71,274.91","73,358.58","76,096.10","80,189.55","82,753.21","78,973","87,148"
Toulouse,:,:,:,:,:,"24,545.41","26,937.48","27,862.65","28,706.07","29,788.70","31,896.16","35,331.31","35,687.71","37,495.56","37,767.43","38,389.21","40,391.39","42,669.90","44,148.97","45,662.77","47,237.20","48,404.47","49,313.09","51,852.45","53,137.80","48,281","50,739"
Strasbourg,:,:,:,:,:,"23,397.93","23,962.15","24,480.37","25,407.67","26,459.70","26,596.08","27,663.56","29,367.01","30,827.97","30,190.49","30,307.03","31,222.80","31,195.95","31,719.43","32,217.46","32,602.34","33,464.10","34,053.12","35,091.02","36,048.74","34,430","36,750"
Bordeaux,:,:,:,:,:,"28,212.18","30,529.40","31,281.35","32,201.96","33,536.77","34,818.74","36,859.64","38,536.63","38,509.48","38,790.63","40,453.71","41,883.46","42,785.74","42,338.38","43,401.59","44,938.76","46,558.91","48,235.62","50,379.94","51,823.38","49,807","55,258"
Nantes,:,:,:,:,:,"24,906.60","26,312.43","27,080.80","28,231.90","29,519.47","30,798.28","32,285.74","34,028.96","35,617.12","34,931.15","35,137.70","37,093.92","37,998.79","38,679.86","39,678.68","41,496.34","42,364.73","43,848.23","45,528.74","47,730.81","45,979","49,002"
Lille - Dunkerque - Valenciennes,:,:,:,:,:,"46,610.59","48,044.12","49,990.32","51,991.18","53,883.03","55,534.11","58,215.65","61,206.92","63,830.80","62,074.08","62,449.37","64,724.80","64,691.38","65,666.79","66,425.92","68,158.26","68,794.24","70,711.51","72,487.01","73,774.43","71,021","76,213"
Montpellier,:,:,:,:,:,"16,666.69","17,789.26","18,249.33","19,096.09","20,162.05","21,273.57","22,470.94","23,606.70","25,205.53","25,179.17","26,205.26","27,024.52","27,336.78","27,265.30","27,764.71","28,228.57","29,018.80","29,573.72","30,667.88","31,731.38","30,977","33,711"
Saint-Etienne,:,:,:,:,:,"12,466.60","12,989.38","13,362.52","13,470.70","14,238.68","14,801.76","15,606.10","16,354.61","17,584.15","17,077.15","16,658.62","17,613.17","17,592.56","17,587.59","17,792.66","18,047.65","18,307.25","18,639.06","19,110.02","19,602.69","19,082","19,969"
Rennes,:,:,:,:,:,"18,819.56","19,507.55","20,290.04","21,232.48","22,832.16","24,183.05","25,096.86","26,099.27","26,615.95","26,098.41","26,674.50","27,796.99","28,290.12","28,689.83","29,793.83","30,551.84","31,291.69","32,615.50","33,409.91","34,458.43","34,007","36,149"
Amiens,:,:,:,:,:,"9,863.78","10,551.64","10,780.80","11,171.50","11,352.17","11,549.88","11,750.84","12,424.93","12,864.53","12,538.55","12,706.10","12,973.24","13,237.59","13,373.09","13,278.73","13,609.10","13,255","13,711.40","14,042.01","14,384.33","13,883","14,536"
Rouen,:,:,:,:,:,"26,334.69","27,032.69","27,554.88","28,442.81","29,512.07","30,220.30","31,174.18","33,133.04","33,657.30","32,384.30","33,459.73","34,252.01","34,800.03","35,101.20","35,290.55","35,917.88","35,206.15","35,523.58","35,543.16","36,086.05","34,017","37,159"
Nancy,:,:,:,:,:,"12,643.31","13,506.94","13,732.33","14,177.81","14,808.06","15,051.47","15,774.11","16,350.07","16,975.29","16,821.17","16,649.43","16,696.72","16,722.54","17,092.28","17,262.82","16,968.82","17,092.29","17,276.15","17,622.85","18,018.95","17,663","18,408"
Reims,:,:,:,:,:,"13,323.77","13,203.13","13,485.31","13,559.01","14,830.74","14,997.98","15,365.32","16,392.54","16,435.57","15,260.73","15,803.06","16,702.14","16,598.05","16,661.86","16,511.62","16,714.48","16,668.26","17,249.90","17,667.57","17,848.88","16,887","17,681"
OrlÇans,:,:,:,:,:,"14,152.79","14,823.03","15,166.05","15,879.74","16,573.51","16,886.70","17,445.91","18,192.42","17,759.60","17,257.77","17,949.13","18,282.89","18,423.11","18,505.57","18,461.68","18,663.67","18,849.57","19,190.79","19,552.91","19,983.41","19,317","20,586"
Dijon,:,:,:,:,:,"11,897.20","12,081.57","11,906.98","12,117.48","12,801.66","13,155.31","13,651.70","14,491.19","14,826.99","14,389.71","14,546.56","14,956.48","15,054.76","15,298.58","15,517.07","15,666.51","15,684.42","16,206.78","16,747.44","16,938.41","16,356","17,571"
Poitiers,:,:,:,:,:,"7,229.75","7,461.14","7,713.94","8,064.68","8,406.77","8,633.64","8,890.45","9,360.19","9,770.43","9,711.50","9,691.89","10,088.43","10,475.85","10,573.86","10,762.81","10,757.96","10,785.38","11,090.65","11,197.65","11,515.98","10,849","11,392"
Clermont-Ferrand,:,:,:,:,:,"12,040.21","12,317.86","12,711.96","13,122.99","13,668.50","14,143.49","14,598.89","15,344.80","15,145.52","14,967.29","15,119.77","16,102.37","16,231.01","16,606.41","16,822.81","17,242.76","17,537.11","18,677.11","19,438.83","20,097.83","18,993","19,832"
Caen,:,:,:,:,:,"12,521.42","12,790.87","13,465.38","13,946.83","14,546.79","14,903.40","15,581.57","16,225.25","16,947.98","16,643.95","17,584.75","18,211.17","17,648.45","17,645.95","17,755.34","18,019.77","18,281.11","17,742.48","18,138.95","18,530.82","17,864","18,693"
Limoges,:,:,:,:,:,"6,754.17","6,965.22","7,176.81","7,313.51","7,406.68","7,671.87","7,890.99","8,225.87","8,398.15","8,208","8,000.47","8,222.13","8,196.70","8,537.23","8,664.84","8,757.62","8,642.08","8,931.48","9,043.49","9,658.22","9,316","9,401"
Besanáon,:,:,:,:,:,"10,416.39","10,940.73","11,140.45","11,379.14","11,693.66","11,869.41","12,077.88","12,593.29","12,647.23","12,210.32","12,459.65","12,882.62","12,393.91","12,610.48","12,823.53","13,125.88","13,418.69","13,710.42","13,978.13","14,300.82","13,651","14,237"
Grenoble,:,:,:,:,:,"24,270.99","25,055.79","25,498.20","26,139.18","27,675.98","28,449.54","30,025.28","31,332.18","32,102.30","31,222.28","32,529.79","33,705.54","33,738.68","33,930.70","34,521.69","34,599.21","35,594.16","36,228.37","37,314.25","38,509.65","37,395","40,130"
Fort-de-France,:,:,:,:,:,"5,063.66","5,378.30","5,626.56","5,955.29","6,145.86","6,449.17","6,838.08","7,149.26","7,480.61","7,312.72","7,535.83","7,680.83","7,816.16","7,844.08","8,133.37","8,254.57","8,180.97","8,252.66","8,279.57","8,448.50","8,377","8,582"
Tours,:,:,:,:,:,"10,671.43","11,193.09","11,514.53","11,811.49","12,375.53","12,786.99","13,381.60","13,970.77","14,119.53","13,981.45","14,260.06","14,586.90","14,765.02","15,039.10","15,302.34","15,744.06","15,860.72","16,009.09","16,540.98","16,914.58","16,255","17,813"
Angers,:,:,:,:,:,"13,225.86","14,030.86","14,458.85","14,898.22","15,408.71","15,875.12","16,265.74","17,187.72","17,779","17,215.04","17,559.57","18,447.13","18,479.18","18,795.32","19,002.08","19,261.48","19,470.20","19,944.48","20,138.21","20,922.66","20,504","21,994"
Brest,:,:,:,:,:,"15,530.04","16,306.56","16,676.67","17,178.96","18,348.87","18,858.60","19,720.45","20,509.36","19,927.04","19,376.10","19,511.21","20,295.47","20,422.87","20,885.61","21,088.96","21,559.32","21,894.49","22,353.38","22,538.36","23,457.98","23,033","24,671"
Le Mans,:,:,:,:,:,"9,581.68","9,826.32","10,277.85","10,494.93","10,987.65","11,207.77","11,406.37","12,067.88","12,662.56","12,464.05","12,396.14","12,707.01","12,913.65","12,976.93","13,198.01","13,074.22","13,184.74","13,290.50","13,345.89","13,644.03","13,058","13,874"
Mulhouse,:,:,:,:,:,"14,506.18","15,133.45","15,526.92","15,433.15","15,671.18","16,104.12","16,654.82","17,679.32","17,959.71","17,445.42","17,121.18","17,784.09","17,776.94","18,051.73","18,276.43","18,534.86","18,718.73","19,405.78","20,017.79","20,371.54","19,211","20,372"
Perpignan,:,:,:,:,:,"6,084.69","6,532.28","6,783.30","7,261.93","7,549.40","7,771.21","8,239.76","8,693.63","8,899.07","8,745.89","8,749.82","9,184.58","9,186.87","9,204.42","9,298.87","9,558.05","9,598.22","9,852.09","10,034.92","10,376.02","10,120","10,802"
Nimes,:,:,:,:,:,"10,315.49","10,737.75","11,193.44","11,609.01","12,170.59","12,467.91","13,185.20","13,814.55","14,123.75","13,919.99","14,029.18","14,513.17","14,651.07","14,634.26","14,875.82","15,166.94","15,312.20","15,771.60","15,992.32","16,709.98","16,304","17,570"
Pau,:,:,:,:,:,"11,641.63","12,355.58","13,370.83","13,552.97","13,890.56","14,708.09","15,654.48","16,414.03","16,867.11","16,406.76","16,908.71","17,519.45","17,472.97","17,911.24","17,950.28","18,202.59","18,330.95","18,247.76","18,498.96","19,427.52","18,440","19,784"
Annecy (FR) / Genäve (CH),:,:,:,:,:,"14,069.77","14,875.26","14,942.93","15,631.22","16,622.64","16,930.36","17,736.76","18,631.05","18,365.68","17,463.20","18,139.56","19,368.75","19,224.45","19,697.88","20,035.59","20,731.90","21,213.09","21,964.97","22,636.19","23,091.54","21,828","22,444"
Marseille,:,:,:,:,:,"53,852.45","56,736.19","58,285.15","60,587","64,361.36","67,725.43","70,906.50","73,553.38","75,421.65","74,688.50","78,634.37","79,497.45","82,586.34","81,633.63","82,870.82","84,493.55","84,794.91","87,226.58","89,694.75","92,183.06","89,955","101,092"
Nice,:,:,:,:,:,"22,352.84","23,820.83","24,478.52","25,391.66","26,755.71","27,834.57","29,229.02","30,449.46","30,157.95","29,569.68","30,698.30","31,332.44","31,801.40","31,861.65","31,866.37","32,521.19","33,677.31","34,206.21","34,832.81","35,713.31","32,107","35,455"
Les Abymes,:,:,:,:,:,"5,171.08","5,582.83","5,820.16","6,284.18","6,437.61","6,822.37","7,289.19","7,463.47","7,898.69","7,536.86","7,854.88","8,060.13","8,217.38","8,244.30","8,418.63","8,535.77","8,674.71","8,723.91","8,907.86","9,136.57","8,665","8,794"
Zagreb,:,:,:,:,:,"7,305.32","8,144.36","9,072.01","9,967.47","11,007.73","12,392.21","13,506.90","14,856.85","16,299.67","15,582.37","16,185.79","16,152.37","15,634.80","15,281","15,261.34","15,674.75","16,347.71","17,331.98","18,327.75","19,467.69","18,278.94","20,818"
Split,:,:,:,:,:,"1,603.62","1,772.82","1,940.71","2,132.06","2,470.12","2,608.49","2,906.96","3,352.34","3,517.82","3,290.61","3,250.76","3,196.55","3,060.37","3,038.99","3,032.71","3,131.21","3,303.59","3,475.96","3,644.23","3,969.41","3,477.25","4,047"
Roma,:,:,:,:,:,"101,626.30","108,745.60","114,057.90","117,148.50","124,291.10","128,050","132,411.90","138,452","140,763.40","139,304.80","139,801","142,869.40","138,665.80","137,468.90","137,777.10","138,082.20","144,582.50","146,345.40","148,460.10","150,382","138,855.20",:
Milano,:,:,:,:,:,"115,149.60","122,466.60","128,028.50","132,864.40","137,190.70","142,589.30","144,527.80","150,870.20","165,142.90","160,241.70","169,327.30","172,278.40","169,339.60","167,920.50","171,492","175,523.10","182,128.50","186,179.60","191,949.70","193,288.50","184,993.50",:
Napoli,:,:,:,:,:,"40,992.90","43,941.90","45,639.80","46,814.50","48,332.40","49,394","50,326.50","51,956.80","54,184.30","52,641.50","51,897.80","51,353","50,825.90","49,489.80","50,143.80","51,215.10","52,436.30","53,523.60","54,089","55,400.70","50,918.20",:
Torino,:,:,:,:,:,"49,337.50","51,032.20","52,286.30","53,779.60","55,488.90","57,267.20","59,029.40","61,053.70","62,906.70","58,513.70","60,605.90","62,580.10","59,946.90","61,006.50","60,611.90","61,907.80","63,821.80","66,044.60","67,892.40","67,402.90","61,983.20",:
Palermo,:,:,:,:,:,"14,537.80","16,402.80","16,835.60","17,422.30","18,076.50","19,071.40","19,728.10","20,260","21,520.60","21,254.70","21,203","20,752","20,424.10","20,344.10","20,155.40","20,715.50","20,668.20","21,115","21,180.70","21,358.90","20,218.20",:
Genova,:,:,:,:,:,"19,357","20,804.80","21,051.70","21,968.90","22,776.80","23,229.60","23,825.40","24,959.90","25,987.40","25,203.30","25,076","24,973.20","24,538.50","24,224.30","25,091","25,512.50","26,030.20","26,659.80","26,657.90","27,341.70","24,198.90",:
Firenze,:,:,:,:,:,"24,407.70","25,659.80","26,035.20","26,824.70","27,493.20","27,967.10","29,146.50","30,083.60","31,110.60","30,384.20","30,508.20","31,285.10","31,487.70","31,379.70","32,256","32,628.40","33,423.90","33,857.10","34,923.30","38,347.80","31,278.30",:
Bari,:,:,:,:,:,"18,471.20","19,582.40","19,752.90","20,001.40","20,321.50","20,524.70","21,555.50","22,437","22,758.10","22,063","22,416.40","22,800.60","22,848.40","22,377.70","22,273.10","23,055.90","23,642","23,865.40","24,604.90","25,045.30","23,766.90",:
Bologna,:,:,:,:,:,"24,753.20","25,434.30","26,197","26,889.80","27,722.10","28,515","30,116.60","30,895.40","31,085.50","30,054","31,931","33,500.30","32,792.90","33,282","33,875.80","34,691.90","35,454.80","36,580.70","37,710.90","38,697.90","36,150.20",:
Catania,:,:,:,:,:,"14,007.20","14,680.30","15,185","15,890.80","16,150.70","16,956.50","17,267","17,689.40","18,444.40","17,869.60","17,718.60","17,632","17,568.20","17,459.30","17,610.70","17,439.20","17,715.90","18,027.20","18,204.80","18,695.90","17,436.40",:
Venezia,:,:,:,:,:,"17,138.60","17,794.10","18,112","19,171.70","20,043","20,563.40","21,758.80","22,447","22,026.20","21,814.20","22,082.80","22,626.60","21,957.20","22,070.40","22,321.30","22,840.70","23,399.90","23,901.50","24,338.10","25,030.70","21,449.20",:
Verona,:,:,:,:,:,"18,658.20","19,464.20","19,605.50","20,632.70","21,772.30","22,335.40","23,493.90","24,613.40","24,825.80","25,718","25,182.90","25,402.20","25,438.70","25,604.20","25,697","26,301.10","27,291.30","28,182.30","28,408.50","28,811.40","27,059.30",:
Perugia,:,:,:,:,:,"11,945.20","12,603","12,990.20","13,502.30","14,023.50","14,413.50","14,896.80","15,408.70","15,821","14,778","14,964.80","15,214.50","14,906.10","14,737.10","14,453","14,843.20","14,871.40","15,105.80","15,577.30","15,746.10","14,657.90",:
Taranto,:,:,:,:,:,"7,303.80","7,411.20","7,600.60","8,065.10","8,516.30","8,761.10","8,907.20","9,114.60","9,271.40","8,868.10","9,108.30","9,489","9,431.80","8,818.10","9,157.80","8,863.20","9,315.60","9,519.50","9,431.20","9,447.50","9,121.10",:
Cagliari,:,:,:,:,:,"7,483.40","7,857.20","7,884.20","8,354.60","8,850.10","8,939.60","9,152","9,526.30","10,808.80","10,357.90","10,179.10","10,052.30","10,196.50","9,853.70","9,719.10","10,523.30","10,730.80","10,807.40","11,011.20","11,173.70","10,014.40",:
Padova,:,:,:,:,:,"19,188.60","19,877.40","20,305.90","21,650","22,992.70","23,518.60","23,851.30","24,851.30","25,011.60","23,672.40","24,977.60","26,315.10","25,923.30","25,699.40","26,123.90","26,582.60","27,535.20","28,259.90","28,791.20","29,251.20","27,556.30",:
Brescia,:,:,:,:,:,"26,764.80","28,955.30","30,294.50","31,397.50","32,588","32,697.80","33,903.40","35,700.40","36,002","33,074.20","33,583.50","35,088.50","34,395.10","34,204.70","34,753","35,434.80","36,647.30","37,811.60","38,887.70","39,609.80","36,906.30",:
Messina,:,:,:,:,:,"8,771.10","9,492.50","9,572.20","9,726.30","9,831","10,386.90","10,529.20","10,856","10,475.10","10,106.40","9,892.80","10,403.50","10,281.90","10,160.40","10,165.10","9,949.60","10,072.30","10,213.70","10,296.20","10,355.90","9,852.80",:
Prato,:,:,:,:,:,"5,398.40","5,822.50","5,991.80","6,148.60","6,300.80","6,412.60","6,621.40","7,035.40","6,762.80","6,584.60","6,296.30","6,479.70","6,353.50","6,491.10","6,499.40","6,709.50","7,001.40","7,287","7,578.90","7,632.80","6,782.60",:
Parma,:,:,:,:,:,"9,890.20","10,554.60","10,905.20","11,308.40","11,793.40","11,922.20","12,298.70","12,957.70","13,182","13,012.10","13,539.10","13,656","13,721.90","13,707.70","13,981.30","14,252.20","14,621.50","15,043.70","15,633.80","15,868.80","15,206.10",:
Reggio nell Emilia,:,:,:,:,:,"11,581.60","12,261.40","12,580.30","12,881.30","13,368","14,210","14,831.50","15,532","16,285.80","15,076.20","14,938.80","15,476.60","15,073.10","15,260.80","15,443.30","16,014.80","16,510","17,065.50","17,391.50","17,691.10","16,735.80",:
Bergamo,:,:,:,:,:,"23,390.70","24,858.30","26,073.80","27,154.10","28,175.80","29,268.20","30,811.90","31,740.30","31,120.70","30,736.10","30,456.10","31,046.60","30,297.90","30,032.70","30,437.60","30,891.20","31,807.10","32,632.50","33,654.50","34,544.70","32,104.80",:
Lefkosia,:,:,:,:,:,"9,844.66","10,511.12","10,889.41","11,419.69","12,261.88","13,139.31","14,165.65","15,184.64","16,416.53","16,419.53","17,160.46","17,649.12","17,293.86","16,037.78","15,322.83","15,714.87","16,646.48","17,740.46","18,891.95","20,326.09","19,479.09","21,147"
Riga,:,:,:,:,:,"5,073.67","5,564.90","6,036.08","6,205.13","6,937.07","8,143.21","10,556.56","13,613.43","14,818.71","11,224.65","10,635.60","11,361.02","13,023.17","13,776.46","14,227.77","14,938.60","15,388.01","16,426.37","17,869.94","18,650.93","18,237.20",:
Vilnius,:,:,:,:,:,"3,737.54","4,166.40","4,839.86","5,374.92","5,964.52","6,991.47","8,325.68","10,256.57","11,325.56","9,366.27","9,715.23","10,729.73","11,677.55","12,554.02","13,239.36","13,589.30","14,245.59","15,447.37","17,080.04","18,667.86","19,042.24",:
Kaunas,:,:,:,:,:,"2,052.18","2,366.07","2,542.37","2,860.65","3,136.67","3,663.58","4,168.91","5,016.46","5,679.59","4,627.81","4,843.97","5,525.79","5,932.25","6,233.97","6,533.45","6,683.41","7,096.31","7,749.55","8,389.87","8,996.04","9,159.53",:
Luxembourg,"14,358.74","14,854.41","15,518.31","16,117.05","18,373.94","20,502.11","21,424.21","22,423.92","23,474.63","25,053.30","26,894.03","30,683.88","33,658.39","35,998.31","35,116.86","38,235.93","39,801.08","41,682.68","44,019.42","46,254.99","49,537.30","51,386.24","53,011.49","54,631.81","56,696.99","59,159.08","65,590.79"
Budapest,:,:,:,:,:,"18,684.13","22,408.72","27,775.28","28,534.22","32,084.96","35,996.25","37,210.81","41,752.12","44,331.76","39,648.45","41,207.62","41,981.82","40,719.68","41,086.99","42,514.90","43,887.62","45,638.32","50,133.65","53,465.69","59,188.33","55,467.42","62,195.54"
Miskolc,:,:,:,:,:,"2,032.54","2,427.96","2,853.17","2,974.89","3,387.31","3,845.42","3,770.85","4,041.17","4,041.77","3,327.18","3,494.22","3,594.72","3,534.58","3,703.40","3,964.16","4,556.82","4,625.35","5,320.32","5,579.70","5,578.87","5,391.55","6,324.41"
PÇcs,:,:,:,:,:,"1,284.33","1,515.78","1,843.21","1,914.53","2,073.76","2,181.78","2,204.90","2,427.90","2,524.66","2,154.95","2,215.78","2,185.14","2,131.28","2,133.34","2,183.81","2,294.87","2,399","2,646.12","2,878.46","3,071.32","2,844.47","3,331.54"
Debrecen,:,:,:,:,:,"1,810.89","2,257.25","2,642.25","2,831.40","3,091.31","3,283.52","3,239.32","3,419.90","3,611.59","3,183.08","3,423.69","3,531.83","3,448.40","3,380.17","3,529.90","3,687.36","3,705.11","4,193.52","4,493.33","4,759.12","4,560.76","5,007.95"
SzÇkesfehÇrv†r,:,:,:,:,:,"2,118.69","2,225.36","2,459.11","2,559.27","2,952.11","3,144.81","3,279.46","3,556.02","3,753.83","2,923.20","3,166.12","3,470.54","3,361.98","3,553.57","3,763.78","4,181.69","4,404.76","4,780.90","5,036.02","5,238.85","4,914.27","5,948.46"
Valletta,:,:,:,:,:,"3,711.14","3,815.62","3,957.19","4,058.08","4,079.82","4,245.77","4,460.39","4,807.27","5,206.22","5,208.48","5,720.10","5,760.53","6,184.23","6,706.74","7,377.14","8,511.66","8,958.78","10,183.82","10,986.99","12,122.44","11,439.52","13,047.86"
s' Gravenhage,:,:,:,:,:,"29,297","30,873","32,260","33,523","33,966","35,330","36,804","39,433","40,530","39,318","40,358","39,845","40,276","40,331","40,845","41,804","42,579","43,173","44,699","47,034","46,881",:
Amsterdam,:,:,:,:,:,"87,609","91,462","98,517","100,579","104,496","108,122","114,037","120,577","125,016","121,817","126,425","128,422","129,387","132,194","137,399","142,777","148,305","154,666","163,495","173,040","164,238",:
Rotterdam,:,:,:,:,:,"44,612","47,445","48,740","50,286","52,442","55,738","58,701","62,782","65,623","63,041","64,438","64,680","66,129","65,902","66,157","69,134","70,528","73,212","76,000","78,573","77,156",:
Utrecht,:,:,:,:,:,"37,264","40,291","41,700","41,792","42,901","44,402","46,624","49,994","51,852","52,767","53,284","53,644","54,035","54,680","55,578","56,815","57,819","61,148","64,363","68,653","68,643",:
Eindhoven,:,:,:,:,:,"19,046","19,522","19,599","19,799","21,163","21,795","23,978","25,261","26,075","24,330","26,896","28,085","28,033","28,572","29,641","31,286","32,085","34,267","35,795","37,566","37,640",:
Tilburg,:,:,:,:,:,"9,134","10,023","10,422","10,727","10,899","11,270","11,765","12,722","13,202","13,001","13,180","13,619","13,460","13,609","13,998","14,458","14,871","15,623","16,430","17,224","17,057",:
Groningen,:,:,:,:,:,"13,271","14,700","14,881","15,253","15,653","16,799","18,536","18,955","21,624","19,331","20,092","20,741","21,807","22,480","20,772","19,669","18,167","18,573","18,886.30","19,071","17,395",:
Enschede,:,:,:,:,:,"11,483","12,350","12,744","13,172","13,494","14,023","14,853","16,110","16,846","16,993","17,103","17,681","17,344","17,377","17,558","17,933","18,555","19,304","20,280","21,348","21,323",:
Arnhem - Nijmegen,:,:,:,:,:,"16,075","16,912","17,612","18,220","18,199","18,540","19,618","20,525","21,099","21,074","21,237","21,906","21,818","21,810","22,241","22,693","23,218","24,107","25,312","26,409","26,079",:
Breda,:,:,:,:,:,"15,342","16,365","16,927","17,371","17,590","18,343","19,135","20,366","21,343","20,504","20,861","21,611","21,627","21,738","21,971","22,778","23,197","24,368","25,563","26,309","25,919",:
Leeuwarden,:,:,:,:,:,"5,508","5,973","6,253","6,533","6,621","6,954","7,336","7,714","8,208","7,915","8,095","8,405","8,454","8,457","8,568","8,410","8,287","8,418","8,835.10","9,294","9,164",:
Leiden,:,:,:,:,:,"9,533","10,434","10,395","10,679","10,895","11,100","12,246","12,822","13,892","13,102","13,129","13,410","13,803","13,810","13,358","13,332","13,331","13,658","14,272","14,643","14,408",:
Zwolle,:,:,:,:,:,"7,548","7,858","8,128","8,390","8,658","9,142","9,620","10,114","11,060","10,617","10,658","11,122","11,058","11,208","11,616","11,866","12,286","12,776","13,563","14,158","13,990",:
Wien,:,:,:,:,:,"68,492","70,594","72,886","73,988","77,011","79,822","84,666","88,914","92,299","91,305","93,412","96,954","98,643","100,165","102,569","105,737","110,814","112,962","118,426","122,171","116,652",:
Graz,:,:,:,:,:,"13,457","13,870","14,185","14,859","15,715","16,407","17,118","18,189","18,794","18,319","18,710","19,858","20,539","20,814","21,521","22,070","23,288","24,094","24,895","26,138","25,472",:
Linz,:,:,:,:,:,"18,751","19,518","19,761","20,563","21,208","22,257","23,520","24,806","26,389","25,514","26,259","27,488","28,039","28,715","29,420","30,569","31,385","32,618","34,383","35,338","34,510",:
Salzburg,:,:,:,:,:,"9,703","10,049","10,335","10,570","11,274","11,682","12,494","13,418","13,658","13,247","13,986","14,684","15,318","15,241","15,620","16,379","17,039","17,580","18,127","18,937","18,299",:
Innsbruck,:,:,:,:,:,"7,173","7,393","7,554","7,729","7,985","8,475","8,930","9,395","9,629","9,452","9,636","10,110","10,491","10,768","11,029","11,483","11,862","12,193","12,680","13,164","12,511",:
Warszawa,:,:,:,:,:,"25,651.91","29,590.43","28,716.49","26,103.74","27,881.06","34,222.46","38,437.33","44,195.37","50,801.23","45,692.76","51,612.39","53,813.52","56,237.96","57,865.16","60,132.16","63,859.13","62,876.10","69,447.96","75,693.30","82,111.88","82,083.95",:
L¢dz,:,:,:,:,:,"5,213.81","6,031.70","5,962.57","5,566.41","5,820.23","6,847.13","7,637.26","8,729.02","10,283.31","8,974.72","10,201.02","10,345.34","10,656.44","10,720.67","11,261.62","11,952.39","11,492.25","12,547.34","13,658.57","14,745.67","14,831.65",:
Krak¢w,:,:,:,:,:,"6,761.64","7,599.46","7,554.57","7,057.01","7,634.31","9,080.04","10,501.04","11,918.23","13,969.42","12,152.69","13,505.64","14,349.85","14,817.07","15,330.08","16,085.60","17,471.14","17,548.12","19,446.79","21,220.94","22,735.25","22,490.66",:
Wroclaw,:,:,:,:,:,"4,020.51","4,453.58","4,572.77","4,063.78","4,240.96","4,936.61","5,655.95","6,616.01","7,954.78","7,194.29","7,989.09","8,289.08","8,658.69","9,038.24","9,597.07","10,306.64","10,208.33","11,390.89","12,474.25","13,687.41","13,408.06",:
Poznan,:,:,:,:,:,"7,541.54","8,484.52","8,189.97","7,569.55","8,306.75","9,986.33","11,080.88","12,705.03","14,912.16","13,310.61","14,542.02","15,213.08","15,858","16,370.22","17,016.47","18,179.06","18,180.92","19,895.47","21,021","22,896.04","22,900.06",:
Gdansk,:,:,:,:,:,"6,115.96","6,917.30","6,902.32","6,168.74","6,703.19","8,141.43","9,004.33","10,135.06","11,447.28","10,528.70","11,689.49","12,388.24","13,209.31","13,142.58","13,408.69","14,602.18","14,592.73","15,986.85","17,562.36","18,980.83","18,082.38",:
Szczecin,:,:,:,:,:,"2,645.58","2,926.94","2,827.03","2,454.77","2,489.62","3,032.07","3,362.77","3,689.77","4,331.60","3,680.10","4,027.09","4,164.93","4,280.59","4,311.38","4,519.04","4,838.56","4,659.42","5,083.86","5,510.03","5,804.87","5,792.26",:
Bydgoszcz - Tor£n,:,:,:,:,:,"3,827.15","4,395.31","4,276.97","3,856.03","4,011.66","4,790.45","5,361.53","6,097.74","7,110.56","6,132.04","6,736.18","6,950.44","7,207.69","7,178.08","7,444.73","7,953.68","7,792.45","8,391.36","8,994.95","9,483.20","9,575.51",:
Lublin,:,:,:,:,:,"2,781.55","3,239.29","3,180.12","2,875.94","2,987.76","3,464.08","3,822.48","4,412.08","5,301.39","4,690.13","5,230.68","5,422.03","5,849.88","6,053.37","6,283.25","6,448.94","6,386.60","6,964.76","7,383.08","7,935.59","7,761.65",:
Katowice,:,:,:,:,:,"14,350.08","16,240.02","16,522.01","14,980.69","16,303.57","18,579.18","20,589.60","23,410.95","27,298.20","24,010.07","26,460.31","27,649.86","28,043.83","27,744.37","28,745.79","30,179.25","29,517.10","31,966.41","34,254.38","35,986.13","34,512.27",:
Bialystok,:,:,:,:,:,"1,908.59","2,266.82","2,195.78","2,001.09","2,078.73","2,445.44","2,724.15","3,160.40","3,639.99","3,196.46","3,549.70","3,688.78","3,821.06","3,864.92","4,000.19","4,167.92","4,089.89","4,457.60","4,790.10","5,169.16","5,158.68",:
Kielce,:,:,:,:,:,"2,851.65","3,248.82","3,242.60","2,993.45","3,223.69","3,666.42","4,143.33","4,795.57","5,785.71","4,883.31","5,343.83","5,537.30","5,629.32","5,575.22","5,784.96","6,065.82","5,902.55","6,412.03","6,894.29","7,164","7,051.77",:
Olsztyn,:,:,:,:,:,"2,326.98","2,573.46","2,536.16","2,377.49","2,501.77","2,962.71","3,227.75","3,608.64","4,180.69","3,715.45","4,135.23","4,350.34","4,451.45","4,572.01","4,760.17","4,939.17","4,851.03","5,144.23","5,382.14","5,751.58","5,790.23",:
Rzesz¢w,:,:,:,:,:,"2,051.29","2,442.74","2,413.28","2,175.65","2,282.63","2,744.47","2,978.77","3,367.34","4,164.18","3,754.97","4,195.06","4,504.20","4,759.72","4,902.92","5,084.96","5,534.05","5,385.96","5,836.74","6,388.83","6,928.52","6,591.49",:
Opole,:,:,:,:,:,"2,686.49","2,959.34","2,886.66","2,595.24","3,116.11","3,500.62","3,771.14","4,403.36","5,307.94","4,369.86","4,811.63","5,025.24","5,105.74","5,122.33","5,431.97","5,733.13","5,507.43","5,974.16","6,381.32","6,793.09","6,599.82",:
Czestochowa,:,:,:,:,:,"2,100.44","2,555.21","2,386.58","2,169.97","2,412.74","2,819.04","2,962.09","3,394.56","3,848.41","3,277.34","3,649.34","3,850.65","3,936.96","3,958.55","4,192.82","4,457.83","4,435.51","4,830.87","5,087.18","5,500.74","5,453.07",:
Radom,:,:,:,:,:,"1,948.76","2,296.78","2,240.63","2,035.41","2,079.84","2,472.28","2,756.23","3,094.59","3,583.90","3,257.69","3,588.76","3,758.43","3,841.14","3,878.74","4,139.52","4,365.10","4,165.52","4,578.81","4,799.25","5,212.91","5,315.78",:
Bielsko-Biala,:,:,:,:,:,"3,077.44","3,485.74","3,343.18","3,049.82","3,253.73","3,766.34","4,126.39","4,603.17","5,444.61","4,918.89","5,388.39","5,634.62","5,867.09","5,866.35","6,360.92","6,974.74","6,922.21","7,397.93","7,835.27","8,307.66","7,824.89",:
Tarn¢w,:,:,:,:,:,"1,332.52","1,496.69","1,499.46","1,354.44","1,480.74","1,735.52","1,962.06","2,157.68","2,555.74","2,222.02","2,538.11","2,808.33","2,862.81","2,749.49","2,841.57","3,012.60","2,900.17","3,171.01","3,352.11","3,547.56","3,523.30",:
Lisboa,"28,896.10","30,577.12","33,233.09","35,762.50","38,631.15","41,625.78","43,875.08","46,420.23","47,644.56","50,090.51","51,711.87","53,836.77","57,050.01","58,910.36","58,898.44","59,559.12","58,053.88","54,687.81","55,305.63","55,137.12","56,510.50","58,137.08","60,898.60","63,644.20","67,007.98","62,428.79",:
Porto,"13,848.25","14,646.18","15,604.78","16,455.01","17,531.80","18,359.11","19,553.62","20,080.14","20,169.49","20,765.53","21,554.75","22,383.06","24,016.55","24,626.69","23,989.47","24,444.85","23,863.80","22,965.81","23,344.49","23,871.71","24,773.73","25,746.92","27,122.03","28,548.83","29,802.97","28,276.61",:
Coimbra,"3,277.72","3,395.51","3,599.52","3,815.38","4,088.65","4,541.46","4,843","5,033.79","5,203.99","5,409.05","5,517.74","5,693.26","5,972.01","6,080.53","6,151.13","6,312.07","6,129.04","5,800.80","5,863.09","5,829.82","6,152.77","6,324.46","6,541.80","6,909.25","7,119.25","6,845.91",:
Bucuresti,:,:,:,:,:,"8,197.37","8,623.02","9,359.42","9,733.14","11,619.01","16,841.97","20,354.27","27,354.36","34,432.68","28,126.61","28,941.01","32,416.03","32,619","33,743.25","34,991.63","38,771.81","40,658.32","45,740.65","50,022.18","55,781.99","55,328.61",:
Cluj-Napoca,:,:,:,:,:,"1,373.05","1,564.80","1,736.81","1,796.33","2,117.77","2,778.62","3,396.90","4,874.52","5,221.34","4,624.71","4,615.62","4,881.34","5,299.11","5,472.32","5,924.12","6,133.80","7,037.48","8,465.26","9,200.39","10,238.34","10,446.50",:
Timisoara,:,:,:,:,:,"1,340.73","1,548.22","1,685.51","1,852.33","2,167.34","2,922.59","3,794.12","4,921.63","6,197.14","5,220.95","5,723.99","5,970.56","5,623.08","5,816.36","5,982.24","6,679.31","7,169.76","7,648.20","8,572.60","9,432.20","9,153.11",:
Craiova,:,:,:,:,:,922.1,"1,058.26","1,039.56","1,169.61","1,426.88","1,754.84","2,173.75","2,858.45","3,390.81","3,009.01","3,023.84","3,191.36","3,097.71","3,114.10","3,327.90","3,435.89","3,559.39","4,097.62","4,659.67","5,191.66","5,105.33",:
Constanta,:,:,:,:,:,"1,586.94","1,698.66","1,937.48","1,912.49","2,284.60","3,094.95","3,737","4,503.79","4,812.93","4,511.76","4,565.76","5,403.72","5,533.36","6,094.21","6,787.56","6,480.61","6,766.84","7,163.28","7,709.65","7,712.75","7,273.44",:
Iasi,:,:,:,:,:,"1,103.10","1,280.42","1,363.22","1,368.96","1,557.66","2,057.06","2,455.95","3,278.09","3,837.23","3,337.77","3,509.21","3,493.45","3,607","3,800.68","4,123.82","4,301.19","4,624.51","5,616.44","6,129.57","6,858.26","6,894.34",:
Galati,:,:,:,:,:,886.41,"1,007.58","1,013.62","1,013.48","1,300.72","1,580.74","1,795.20","2,441.13","2,662.93","2,188.35","2,329.12","2,360.10","2,308.12","2,421.45","2,516.66","2,482.18","2,544.52","2,882.84","3,267.32","3,558.28","3,332.58",:
Brasov,:,:,:,:,:,"1,246.16","1,412.13","1,566.74","1,548.88","1,721.53","2,261.32","2,724.46","3,722.87","3,932.36","3,592.89","3,818.15","3,929.44","4,214.23","4,207.90","4,429.10","4,648.74","5,152.79","5,708.57","6,337.15","6,793.99","6,727.11",:
Ploiesti,:,:,:,:,:,"1,384.80","1,520.65","1,728.40","1,705.15","1,979.66","2,760.20","3,376.08","4,426.41","5,087.41","4,677.33","4,100.28","5,949.45","4,937.39","5,382.67","6,995.27","6,061.82","6,727.26","6,573.96","7,223.55","7,314.31","7,009.73",:
Ljubljana,:,:,:,:,:,"6,367.53","6,887","7,376.19","8,046.82","8,521.42","9,046.61","9,932.68","11,026.79","11,933.57","11,664.19","11,615.01","11,783.85","11,601.44","11,573.59","11,946.37","12,286.20","12,914.76","13,744.53","14,808.48","15,768.60","15,865.04","17,786.10"
Maribor,:,:,:,:,:,"2,522.41","2,694.16","2,914.37","3,004.34","3,189.62","3,357.34","3,642.82","4,067.79","4,408.36","4,174.46","4,117.52","4,206.81","4,093.08","4,082.68","4,252.80","4,336.71","4,476.76","4,716.32","5,022.13","5,372.54","5,271.23","5,856.36"
Bratislava,:,:,:,:,:,"5,108.55","5,424.96","6,149.14","6,894.22","7,908.02","9,584.68","10,846.75","13,716.13","15,964.51","16,647.67","17,777.06","18,307.23","18,604.05","19,309.85","19,429.08","20,595.55","21,151.68","21,778.56","23,017.53","23,728.76","23,740.90","24,907"
Kosice,:,:,:,:,:,"2,516.21","2,812.92","3,004.54","3,372.53","3,865.24","4,226.71","4,925.60","5,956.90","7,023.86","6,508.73","7,102.16","7,313.96","7,676.36","7,725.39","7,995.01","8,537.54","8,426.73","9,259.52","9,588.14","9,896.51","10,122.63","10,726"
Helsinki,:,:,:,:,:,"44,035.53","47,444.86","47,833.90","48,065.37","50,657.13","52,701.46","56,002.80","61,318.41","64,244.06","61,600.22","63,935.92","64,934.34","65,385.75","67,620.76","68,224.72","71,252.74","73,195.44","76,427.96","79,003.39","82,497.39","81,587.50",:
Tampere,:,:,:,:,:,"9,838.60","10,932.15","11,288.64","11,598.39","12,234.01","12,795.99","13,151.11","14,577.95","15,285.22","13,681.71","14,268.93","15,333.09","15,152.89","15,064.40","15,051.58","15,182.65","15,860.81","16,569.82","17,297.76","17,908.91","18,189.15",:
Turku,:,:,:,:,:,"10,193.61","10,475.13","11,675.64","11,458.98","12,153.58","12,455.21","13,113.32","14,493.60","14,793.31","13,498.94","12,857.42","13,707.12","13,734.32","13,775.87","14,056.83","14,132.83","14,873","15,912.01","16,378.69","16,817.46","16,636.36",:
Stockholm,:,:,:,:,:,"73,421.11","68,885.91","72,167.97","74,882.07","79,969.53","81,977.33","86,445.26","93,582.12","92,682.11","86,516.94","99,832.97","111,997.50","117,512.90","121,904.18","123,174.04","129,392.85","130,949.85","132,428.62","131,025.32","135,068.70","136,663.36",:
Gîteborg,:,:,:,:,:,"42,193.44","40,194.38","41,480.39","44,332","45,577.52","46,234.73","50,051.65","52,911.32","52,534.53","45,667.15","53,646","59,878.18","62,245.61","64,203.78","64,405.12","68,719.52","70,163.69","72,947.04","70,220.50","71,196.70","70,199.34",:
Malmî,:,:,:,:,:,"29,333.70","27,862.26","29,544.49","30,381.40","31,669.61","32,210.04","34,535.57","38,567.26","36,271.11","31,608.99","38,351.11","41,882.54","43,665.17","45,081.89","45,174.48","46,356.76","47,222.38","49,600.94","47,831.41","48,897.55","50,067.91",:
Uppsala,:,:,:,:,:,"7,663.41","7,902.89","8,272.26","8,833.87","9,048.80","9,307.71","10,023.66","10,188.32","10,408.42","9,387.90","10,931.50","12,208.02","12,937.35","13,728.95","13,488.71","13,644.09","14,042.18","14,766.84","14,369.05","14,730.71","14,949.93",:
Oslo,:,:,:,:,:,:,:,:,:,:,:,:,:,"42,289.24","39,777.15","47,678.12","51,648.70","58,126.98","58,759.27","57,630.71","55,782.49","55,619.23","57,929.56","58,736.34","60,901.93","57,007.31",:
Bergen,:,:,:,:,:,:,:,:,:,:,:,:,:,"25,597.36","24,565.18","27,568.56","30,004.62","33,402.90","34,119.03","33,370.68","31,914.61","31,446.62","31,897.29","31,885.70","31,967.50","28,341.85",:
Trondheim,:,:,:,:,:,:,:,:,:,:,:,:,:,"15,471.38","14,845.55","17,374.41","18,527.34","20,810.83","21,142.74","20,669.83","20,450.41","20,633.97","21,808.30","22,309.66","22,537.48","20,717.26",:
Stavanger,:,:,:,:,:,:,:,:,:,:,:,:,:,"21,348.30","20,257.11","24,268.33","24,856.29","28,080.69","28,959.61","28,156.54","27,590.40","24,935.63","25,200.60","25,593.85","27,127.73","25,072.93",:
ZÅrich,:,:,:,:,:,:,:,:,:,:,:,:,:,:,:,:,"108,513.71","113,852.15","112,094.06","116,115.59","132,376.63","130,717.30","131,076.73","132,982.68",:,:,:
Genäve,:,:,:,:,:,:,:,:,:,:,:,:,:,:,:,:,"39,258.40","39,867.37","39,714.54","40,581.09","45,477.27","44,937.66","45,713.60","45,953.63",:,:,:
Basel,:,:,:,:,:,:,:,:,:,:,:,:,:,:,:,:,"46,217.05","47,611.98","47,163.64","49,040.05","55,477.19","56,436.58","58,126.90","57,971",:,:,:
Bern,:,:,:,:,:,:,:,:,:,:,:,:,:,:,:,:,"59,871.77","61,465.04","61,176.25","63,193.15","72,410.58","70,880.69","69,561.82","68,803.81",:,:,:
Lausanne,:,:,:,:,:,:,:,:,:,:,:,:,:,:,:,:,"39,684.74","42,218.80","41,409.36","43,250.97","49,580.87","51,762.66","48,828.92","49,822.90",:,:,:
St. Gallen,:,:,:,:,:,:,:,:,:,:,:,:,:,:,:,:,"30,340.20","31,196.89","31,340.15","32,318.01","36,414.21","36,276.97","35,842.69","35,311.61",:,:,:
Lucerne,:,:,:,:,:,:,:,:,:,:,:,:,:,:,:,:,"21,566.67","22,518.69","22,720.34","23,637.35","27,039.29","26,828.65","26,802.20","26,455.07",:,:,:
