City,1977,1978,1979,1980,1981,1982,1983,1984,1985,1986,1987,1988,1989,1990,1991,1992,1993,1994,1995,1996,1997,1998,1999,2000,2001,2002,2003,2004,2005,2006,2007,2008,2009,2010,2011,2012
Bruxelles / Brussel (NUTS 2010),19.67,63.36,94.19,79.42,96.53,116.17,128.15,140.12,134.38,163.78,151.18,177.28,182.99,164.13,219.71,234.07,266.97,260.28,289.86,265.27,398.81,414.46,552.25,460.49,441.77,429.58,430.87,492.7,514.37,518.03,561.02,511.73,501.42,538.34,558.14,473.94
Antwerpen,13.8,28.98,37.72,34.36,30.42,45.23,40.18,50.52,38.5,50.13,60.55,61.55,61.58,65.83,105.18,172.97,229.72,196.32,213.19,206.13,195.24,190.11,165.91,173.1,168.29,217.47,156.05,194.26,223.08,192.26,171.73,148.45,157.52,126.44,140.69,183.13
Gent,:,4,9.67,10.5,6.61,13.42,13.07,25.28,29.14,25.88,28.1,34.7,36.67,42.24,38.55,28.7,41.47,39.4,39.44,31.37,71.28,87.68,94.46,87.21,84.86,104.54,101.66,123.4,125.59,121.59,130.78,116.57,122.08,127.25,144.85,117.16
Charleroi,4,:,10.33,16,9.83,12.67,:,:,:,:,13.17,:,:,:,:,9.66,16.25,12.95,8,17.61,33.56,:,42.89,47.78,:,41.31,36.84,:,54.26,:,45.77,73.74,56.75,60.18,55.49,12.99
Liège (NUTS 2010),:,:,23.2,25,19.17,22.75,27.97,32.48,25.57,34.9,38.83,52,60.25,39.66,38.42,34.14,33.07,39.88,30.78,55.18,48.72,53.51,64.92,87.33,85.37,69.64,87.88,82.12,73.4,71.4,62.63,75.71,58.51,74.4,62.51,57.38
Sofia,:,:,:,:,:,:,:,:,:,:,19.66,:,:,:,:,:,:,:,:,:,:,:,:,:,9.04,:,:,:,:,:,:,:,:,:,:,:
Plovdiv,:,:,:,:,:,:,0.5,0.5,1.48,:,:,0.81,:,:,1,:,1,:,1.42,1,:,:,1,0.53,1.33,0.5,1.2,1,2.18,1.83,0.2,2,2.33,5.5,1.67,3.92
Varna,:,:,:,:,1,:,:,:,1,:,0.07,1.11,:,0.67,:,:,:,:,:,:,:,:,:,:,0.5,:,1,2,4.33,2,2,:,1,:,2.5,:
Praha,:,:,:,:,:,:,:,:,:,:,:,:,:,:,:,:,8.57,8.42,6.44,9.05,14.86,17.56,12.4,17.62,26.64,30.95,30.01,41.8,41.48,57.69,70.15,72.17,47.66,64.47,64.79,55.26
Brno,:,:,:,:,:,:,:,:,:,:,:,:,:,:,:,4.83,2.2,5.5,4,3.64,7.36,10.9,7.98,12.72,8.38,16.91,23,13.1,15.6,23.39,32.4,31.71,30.74,33.18,37.03,40.27
Ostrava,:,:,:,:,:,:,:,:,:,:,:,:,:,:,:,1,1,2.5,2.5,4.3,4.25,2.85,11.94,8.39,7.74,6.67,14.29,11.84,7.33,10.53,12.87,9.04,9.71,11.89,13.3,8.2
Plzen,:,:,:,:,:,:,:,:,:,:,:,:,:,:,:,:,0.33,1.67,0.45,:,3,2.83,4.83,:,2,4.4,4.47,1.91,4.92,4.13,3.1,11.57,4.65,3.67,4.32,4.68
København,:,45.75,70.84,79.69,94.98,89.55,113.73,123.92,141.31,131.12,140.15,199.92,189.93,212.53,226.85,234.06,273.86,315.27,327.44,401.58,410.62,512.35,516.47,599.71,565.05,569.16,671.23,686.44,735.23,655.25,698.62,671.41,575.98,616.84,663.06,449.69
Århus,2,5.58,8.33,18.92,17.67,23,15.17,25.7,30.5,22.75,21.53,24.75,30.92,20.42,35.07,41.28,36.88,41.1,57,71.9,61.48,86.06,109,126.6,124.71,122.22,143.26,122.55,134.74,125.55,205.33,179.36,197.83,197.66,256.39,191.9
Odense,4,5,4,5.5,9.5,13.33,11.33,17.43,18.83,14.83,17.83,15.83,23.67,16.83,19.2,15.08,18.37,21.58,23.03,33.85,40.78,29.17,30.16,34.04,40.38,47.4,50.5,43.31,42.4,51.73,46.22,77.25,71.13,84.82,63.07,36.17
Aalborg,:,2,6,8.33,4,7,8,9,8.48,11,9,14,13.67,20.08,18.5,23.67,9.3,19.67,17.03,18.6,22.92,44.91,84.4,60.36,54.87,59.22,61.55,55.8,62.46,63.03,73.01,70.15,67.75,80.5,89.49,58.76
Berlin,:,:,:,:,:,:,:,:,:,:,:,:,:,:,274.61,278.21,298.1,331.96,392.18,447.29,522.18,557.98,637.46,735.12,675.27,727.99,756.85,788.07,926.72,988.74,"1,032.76","1,001.71",938.74,938.87,893.61,766.44
Hamburg,:,:,77.33,144.87,170.82,185.87,247.2,234.66,243.85,300.1,326.65,305.26,318.2,281.85,300.95,360.23,392.19,401.06,352.08,461.84,521.23,554.48,573.84,605.48,725.12,632.39,734.63,704.81,763.05,725.5,689.3,776.48,710.47,625.37,802.91,676.88
München,:,337.45,564.31,660.82,607.87,687.75,799.86,766.2,858.63,813.75,905.64,939.21,972.19,853.88,806.08,842.95,799.17,880.69,"1,005.26","1,270.27","1,454.78","1,861.26","1,890.37","2,088.55","1,989.43","1,745.27","1,701.14","1,709.75","1,748.86","1,892.58","1,911.44","1,736.67","1,637.65","1,705.70","1,585.49","1,374.54"
Köln,192.68,398.33,458.07,504.48,526.72,475.8,466.3,524.53,533.52,497.18,549.05,594.18,539.89,484.02,490.52,438.13,426.94,492.14,499.98,483.25,473.96,537.05,527.41,589.47,549.27,507.54,527.44,534.83,542.73,550.68,542.87,558.19,556.02,567.58,483.79,385.05
Frankfurt am Main,89.39,265.44,434.29,482.98,554.4,480.72,518.3,590.2,635.81,665.15,705.56,738.57,779.47,713.2,758.08,660.2,692.91,784.08,766.17,817.36,855.51,"1,010.31",916.62,938.33,886,894.33,821.86,968,960.75,947.16,"1,014.39",863.48,837.87,850.66,897.39,598.53
Stuttgart,33.05,138.26,217.75,295.62,371.35,366.26,514.87,533.04,550.4,588.59,740.63,840.39,847.52,890.71,829.86,739.13,805.13,913.12,986.21,"1,174.37","1,473.25","1,573.16","1,775.66","2,005.51","2,138.08","2,080.59","1,999.61","2,003.72","2,010.67","2,005.86","2,040.43","1,805.42","1,819.69","1,888.62","1,865.88","1,337.07"
Leipzig,:,:,:,:,3.9,:,6.16,:,5.7,10.09,5.8,5.62,:,15.76,9.65,4.76,19.63,18.54,18,27.04,28.54,27.51,38.25,47.51,49.18,41.03,46.3,54.81,65.16,55.55,69.15,77.26,83.98,94.34,64.56,74.73
Dresden,:,:,:,:,:,:,:,11.85,10.98,:,10.87,16.99,20.09,31.52,44.13,47.44,66.93,74.13,92.25,103.98,136.87,188.7,196.81,259.56,276.69,244.49,201.69,210.27,235.8,228.84,238.28,230.49,261.82,248.68,235.86,174.81
Düsseldorf,35.91,145.82,141.02,218.22,235.4,249.98,318.77,331.16,330.71,418.56,448.47,623.68,537.07,450.61,382.97,405.53,414.44,469.46,454.24,502.45,587.92,601.27,718.23,694.24,625.32,492.05,572.73,625.05,634.7,722.66,709.89,624.63,679.04,647.05,595.22,465.73
Bremen,:,:,:,:,19.11,38.79,50.45,55.5,69.19,80.81,106.15,102.62,106.81,84.87,74.27,99.81,84.66,75.75,86.53,114.46,132.5,146.34,156.2,133.64,143.08,122.06,159.35,162.26,158.65,200.72,168.87,173.51,172.8,178.01,158.69,145.64
Hannover,7.15,28.83,57.49,83.2,97.88,88.16,113.33,138.42,147.53,159.68,172.02,160.49,161.34,190.84,172.15,180.91,168.79,165.83,168.04,238.33,254.4,258.08,282.44,277,305.79,296.67,364.59,305.44,355.27,292.72,320.54,370.24,306.92,348.96,361.95,291.15
Nürnberg,25.89,96.27,181.43,204,207.26,193.06,304.47,325.33,376.35,400.06,387.12,398.47,436.92,422.6,361.56,370.97,336.16,390.29,368.01,436.86,517.88,545.89,592.35,703.45,693.19,716.31,615.43,679.26,761.54,812.24,763.42,834.22,830,836.39,868.82,716.23
Bielefeld,:,21.53,53.46,53.92,61.71,67.59,69.67,87.6,79.01,92.99,96.67,123.83,129.25,102.58,117.98,104.71,125.51,109.67,145.81,161.02,224.63,228.87,296.77,300.72,289.49,261.94,258.99,330.2,313.17,347.63,408.82,426.83,393.89,435.38,386.74,368.72
Halle an der Saale,:,:,:,2.83,0.67,0.26,:,3.34,:,:,1,3.54,3.83,5.5,7.38,11.81,9.39,13.01,19.27,23.97,30.78,49.73,44.44,36.73,46.97,34.39,47.7,27.35,38.77,32.85,45.5,33.29,39.54,30.33,29.34,21.36
Magdeburg,:,:,:,:,:,:,:,:,:,:,:,:,:,:,3.87,:,7,9.51,14.36,13.77,13.02,15.01,19.85,29.6,29.96,17.57,36.87,19.8,29.23,25.2,30.74,20.46,17.65,26.9,21.85,24.24
Wiesbaden,24.95,69.51,70.82,91.08,85.5,82.39,80.87,99.95,127.52,97.79,115.7,136.92,111.62,142.11,128.06,113.72,110.3,135.08,106.94,136.8,129.19,150.39,134.26,160.91,107.43,119.41,130.59,140.38,134.65,110.68,120.43,85.96,82.78,75.11,92.56,65.63
Göttingen,:,10.5,16.42,18.17,16.06,16.87,23.33,19.15,25.68,27.06,33.91,60.83,45.08,53.98,37.91,25.99,37.31,31.54,37.87,38.99,62.32,62.07,62.38,69.9,84.77,81.37,83.81,83.9,80.37,94.9,85.98,95.14,68.63,75.61,85.3,68.7
Darmstadt,11.24,38.15,59.26,70.91,93.97,105.49,102.92,140.48,149.6,146.15,158.02,189.63,174.55,195.46,178.88,196.95,204.31,218.98,218.22,225.45,248.24,253.82,313.98,364.03,287.52,307.57,288.33,296.03,299.76,269.96,282.39,254.38,244.23,260.65,237.86,178.65
Freiburg im Breisgau,:,17.25,27.08,52.33,71.04,58.79,69.74,65.17,82.12,100.1,96.55,93.37,103.19,78.17,88.52,91.89,124.83,102.32,98.97,159.06,144.95,183.51,201.69,187.66,180.78,211.54,221.98,203.96,272.67,281.31,283.07,278.47,250.66,252.6,243.95,235.11
Regensburg,5.5,14.83,29.28,33,23.55,46.06,31.88,40.76,41.16,62.09,45.42,54.56,69.11,86.07,66.53,87.41,97.83,76.46,86.35,142.93,187.27,218.28,220.91,266.22,240.89,236.2,251.47,285.86,269.05,270.34,303.24,310.9,315.58,391.62,327.11,308.94
Schwerin,:,:,:,:,:,:,:,:,:,:,4,:,:,:,:,:,:,5,:,:,7.66,5.73,12.2,7.95,20.97,7.79,16.6,22.93,5.33,13.74,8.82,12.23,9.68,15.87,9.1,6.96
Erfurt,:,:,:,:,:,:,:,:,:,:,:,:,:,:,:,:,9.91,:,13.42,22.11,27.86,22.93,27.32,48.66,43.62,55.11,52.02,65.27,73.29,57.37,51.35,67.22,69.53,62.96,54.52,61.4
Augsburg,:,27.6,61.33,64,45.45,68.98,86.63,76.73,89.03,92.96,98.74,113.85,115.24,138.37,138.51,155.2,139.83,136.28,117.3,132.25,174.57,176.31,192.8,201.09,199.93,211.92,190.12,246.91,248.47,224.28,289.89,213.06,190.26,225.75,212.01,165.01
Bonn,4.1,31.38,39.5,81.82,57.74,70.57,79.39,80.73,91.92,85.21,100.7,112.79,102.5,112.55,102.65,96.68,104.79,122.15,114.22,133.19,172.55,203.39,223.6,207.34,202.92,203.99,199.95,177.73,188.39,210.83,227.34,210.09,240.96,234.22,236.67,157.59
Karlsruhe,7.67,26.25,54.23,73.74,59.28,64.47,85.89,76.3,108.18,108.26,124.11,150.79,159.56,122.18,131.84,138.01,150.25,145.07,158.03,147.51,178.84,232.69,218.69,306.89,287.12,340.14,376.27,356.45,356.02,359.34,360.77,298.38,347.7,344.92,350.9,263.02
Mönchengladbach,1,3.83,13.25,12.78,13.87,8.48,11.25,18.57,6.62,28.15,36.22,43.43,43.37,31.95,41.91,36.12,34.13,32.27,32.15,43.3,54.11,58.78,56.08,54.48,45.36,68.57,46.83,38.19,34.14,28.18,33.71,38.47,41.3,44.64,27.25,41.7
Mainz,5.33,24.47,26.09,33.54,30.42,37.7,41.79,58.51,65.53,65.64,63.24,70.93,87.95,94.91,91.53,96.89,119.84,112.82,104.25,119.26,111.91,141.21,179.14,219.66,175.12,214.88,182.4,202.08,212.66,169.7,245.73,249.15,213.31,221.59,202.03,144.25
Ruhrgebiet,:,115.15,258.87,288.23,343.96,360,396.1,410.93,464.47,469.85,505.67,517.13,542.11,502.8,508.3,504.58,501.82,511.9,512.03,648.24,630.53,711.4,784.36,820.31,797.47,831.6,807.2,898.48,828.13,897.7,812.17,887.28,961.26,917.75,941.85,809.3
Kiel,:,4.17,16.8,14.49,39.33,29.75,29.17,39.89,28.58,30.96,35.83,46.21,32.83,43.91,29.42,30.37,33.82,37.4,44.76,37.35,52.73,70.73,60.76,94.58,79.84,71.4,102.82,99.61,68.69,84.74,108.22,116.93,116.57,114.29,119.91,91.12
Saarbrücken,:,24.49,22.51,16.95,22.9,13.17,20.33,31.86,44.11,40.49,40.37,41,56.74,37.76,46,58.56,61.09,70.23,65.07,69.52,91.12,91.17,111.34,104.32,104.01,126.48,123.62,122.15,131.7,132.84,127.44,112.21,146.24,126.83,109.45,103.69
Koblenz,:,:,3.95,10.5,8,10.16,:,18.33,14.9,19.87,18.55,23.75,33.53,20.76,13.7,17.05,21.81,31.86,24.69,26.93,33.86,36.44,53.6,30.82,54.2,46.54,43.55,34.07,50.45,41.16,44.45,36.34,55.1,52.3,49.51,35.06
Rostock,:,:,:,:,:,:,:,:,:,:,:,:,:,:,5.14,:,5.25,2.95,5.01,6.18,6.52,15.13,18.13,:,17.86,15.76,19.21,19.11,25.44,23.49,40.51,35.93,37.96,34.04,34.64,32.83
Kaiserslautern,:,:,:,6.25,:,6.34,9.23,9.5,10.35,13.28,15.05,21.65,30.48,18.99,16.04,13.55,12.36,11.15,20.9,17.72,38.11,29.79,54.01,61.53,48.56,58.6,58.7,38.87,57.23,47.96,57.49,44.77,47.46,50.4,50.86,33.03
Iserlohn,1.67,7.83,17.08,33.25,36.43,46.83,49.28,48.43,59.68,63.19,59.52,60.38,62.19,83.52,74.05,85.79,79.82,68.03,63.39,103.5,100.77,101.59,114.76,101.57,113.42,85.29,92.38,114.53,99.92,117.8,114.98,98.27,151.48,121.07,111.02,95.52
Flensburg,:,:,:,:,:,4.5,6.25,:,4.2,4.33,:,:,:,3.5,6.5,5.83,6.17,4.9,4.33,8.67,12.5,15.42,13.17,9.58,7.24,14.95,18.17,14.67,6.33,12.78,18.25,16.93,24.59,17.73,29.96,6.17
Marburg,5.2,14.67,18.07,17.45,23.23,27.59,29.75,31.68,38.37,44.55,50.24,52.68,65.98,49.06,45.96,57.83,39.32,40.81,50.15,46.07,52.82,69.26,52.74,52.33,60.45,59.66,62.48,81.43,79.4,90.48,69.52,70.02,80.8,67.22,86.57,59
Konstanz,5.5,15.92,31.92,35.92,44.78,33.37,51.37,44.67,51.37,42.42,63.81,40.63,48.95,79.22,71.2,48.19,61.03,72.45,58.74,114.46,105.65,117.74,109.03,133.36,120.06,125.81,169.07,148.37,172.6,137.11,135.25,125.85,143.72,113.16,105.43,89.07
Gießen,:,5.25,5.38,16.42,13.33,13.78,18.67,36.66,19.5,16.75,28.23,29.65,17.43,31.83,26.76,25.29,22.9,28.97,30.38,45.73,48.53,58.46,56.28,54.52,68.44,53.8,57.97,49.78,48.89,37.29,37.32,46.81,61.48,68.48,74.13,54.68
Bayreuth,:,:,7.21,:,4.86,7.07,10.33,12,20.69,17.37,17.91,16.78,16.62,22.08,18.5,23.31,16.63,22.29,23.27,26.64,23.92,33.14,37.83,36.72,34.52,40.72,42.44,55.76,48.05,54.1,55.89,43.33,52.22,47.32,52.11,43.72
Aschaffenburg,3.5,9.7,22.84,36.91,29.64,38.87,42.09,52.73,60.05,51.92,62.22,78.71,67.16,78.75,69.61,67.85,92.94,93.42,113.27,119.02,115.35,144.21,162.33,158.91,140.71,139.68,128.41,183.45,161.73,161.25,154.48,155.28,151.17,134.2,137.95,128.64
Plauen,:,:,:,:,0.09,0.58,0.5,:,:,2.03,0.75,:,0.33,4.14,6.17,10.98,5.79,9.07,10.29,7.83,7.82,9.28,14.85,11.48,14.31,19.72,12.1,17.86,27.92,30.63,32.04,18.95,16.5,26.34,13.98,14.42
Neubrandenburg (NUTS 2010),:,:,:,:,:,:,:,:,:,:,:,:,:,:,:,:,:,:,:,:,:,5.59,:,:,:,:,:,11.55,11.3,:,18.01,:,24.58,10.85,:,8.55
Rosenheim,:,6.24,14.08,13.84,12.67,17.68,33.17,25.11,30.35,31.97,39.25,41.8,32.84,37.85,43.26,52.29,57.64,48.89,64.11,75.6,78.73,96.82,104.02,95.53,89.61,95.86,105.95,110.59,125,119.54,124.73,131.79,139.48,134.47,117.38,101.01
Offenburg,2.27,3.58,16.13,12.18,19.74,19.69,25.96,36.47,35.5,26.85,30.1,40.81,32.48,37.84,55.89,48.94,49.52,38.57,56.79,61.25,79.6,92.52,104.66,111.87,87.89,102.57,118.56,119.37,117.77,129.39,149.92,140.45,149.24,141.64,132.13,105.46
Görlitz,:,:,:,:,0.33,:,:,2,0.27,0.57,1,0.4,0.25,1.25,6.99,2.25,5.53,6.45,11.48,9.47,11.63,9.61,7.03,12.18,5.02,10.58,8.25,8.52,10.08,4.68,19.71,15.29,22.9,17.76,17.81,13.2
Schweinfurt,:,5.18,4,5.35,4.69,9.22,:,6.91,:,8.37,19.45,10.45,14.09,17.3,34.84,31.96,40.93,25.37,:,34.82,50.42,41.11,34.99,54.65,82.31,77.82,80.68,115.44,112.12,141.71,136.63,118.42,114.7,113.53,108.22,92.54
Wetzlar,2,8.33,16.92,14.67,16.83,20.58,29.9,40.03,35.07,30.55,35.07,55.74,36.46,34.48,25.71,32.69,43.68,40.26,54.75,56.76,65.52,70.01,86.34,87.88,70.38,71.14,64.71,79.37,80.45,56.34,52.66,59.52,47.52,52.25,59.32,57.39
Braunschweig-Salzgitter-Wolfsburg,:,:,35.07,45.71,:,45.08,:,50.01,58.34,75.28,70.32,107.26,103.47,89.31,81.58,65.57,89.24,79.83,76.2,209.94,288.22,449.87,519.23,290.54,273.52,271.67,240.54,192.08,199.11,188.69,207.76,194.48,181.82,207.87,237.66,196.59
Mannheim-Ludwigshafen (NUTS 2010),111.52,269.65,340.76,403.51,390.05,336.46,343.95,351.6,360.5,427.43,474.03,479.08,522.59,420.66,453.22,467.28,434.93,518.61,535.07,579.09,556.95,554.33,533.14,538.78,511.91,565.62,567.05,598.57,696.37,652.34,637.42,529.4,565.61,524.95,514.05,380.6
Münster,3.17,8.98,13.87,27.87,28.47,28.82,28.34,25.25,29.9,53.39,45.9,52.43,51.24,53.16,43.34,52.1,54.36,53.92,75.95,89.32,60.82,87.53,98.3,117.18,105.83,99.18,101.47,97.44,107.64,98.95,90.31,104.74,116.03,108.04,112.98,96.84
Aachen,9.98,15.03,33.93,52.31,54.52,56.96,82.21,79.43,108.2,94.48,109.62,116.99,114.81,96.96,89.8,84.43,108.67,124.13,128.86,127.09,136.66,199.23,356.72,384.67,426.63,490.2,553.24,515.7,504.61,226.94,224.8,222.82,205.37,229.84,214.11,178.72
Lübeck,:,:,5.58,3.45,4.92,7.64,8.34,39.13,23.09,39.41,40.59,29.21,27.31,23.05,26.55,21.53,30.36,23.14,24.46,19.51,21.95,32.9,31.35,24.25,44.43,35.73,45.62,40.17,34.17,54.21,57.5,46.91,47.24,58.46,51.23,62.01
Kassel,:,3.5,10.03,9.84,23.66,17.45,17,22.26,20.59,20.63,33.1,32.33,40.11,24.67,32.62,16.28,39.85,38.09,39.42,35.99,34.03,44.48,51.63,49.99,45.21,34.2,38.8,67.01,41.91,71.16,72.01,68.26,93.22,70.35,82.04,91.44
Osnabrück,:,4,10,13.87,19.62,19.51,17.33,32.41,62.87,47.34,55.76,44.43,56.95,41.57,52.16,55.3,46.94,40.91,57.68,63.14,71.03,77.85,122.32,103.09,93.57,112.6,125.53,153.25,163.74,114.24,102.38,113.63,94.37,119.7,122.24,92.74
Oldenburg (Oldenburg),:,4.41,5.53,8.71,7.36,4.75,13.63,14.16,23.17,26.63,21.03,29.7,36.59,17.4,24.38,25.72,21.9,32.14,18.9,26.42,28.45,45.93,19.4,33.67,23.7,28.27,39.54,29.19,64.41,45.32,42.15,55.92,62.56,57.4,62.81,30.95
Heidelberg (NUTS 2010),41.72,137.91,178.51,194.36,266.1,244.85,209.84,287.68,279.18,287.46,316.07,353.27,329.5,330.1,316.38,334.23,328.73,324.1,324.14,352.6,373.44,446.18,437.75,461.21,521.3,541.45,596.12,581.12,537.17,556.82,580.41,567.11,582.11,546.86,561.29,433.36
Paderborn,:,8,9.5,4.33,13,20.17,32.08,22.83,26.89,29.15,42.41,30,27.1,29.08,34.87,29.24,31.08,36.33,42.1,55.91,75.2,54.2,76.52,81.77,84.12,78.17,84.41,74.41,65.91,81.71,76.04,123.72,117.41,105.57,110.46,82.27
Würzburg,:,:,:,21.39,28.6,26.5,28.58,40.84,44.37,48.17,70.59,57.76,60.2,72.44,92.53,87.14,76.86,116.8,105.4,140.73,153.31,133.69,166.85,214.63,254.16,231.92,221.94,256.03,193.54,206.16,255.18,203.4,196.2,151.4,153.6,151.18
Bremerhaven,:,:,2.75,3.33,2.58,4.5,:,8.89,:,5,6.17,13.37,6.66,7.2,8.68,6.99,9.97,13.22,9.43,7.01,7.07,15.95,18.52,14.53,18.91,15.62,12.34,20.23,19.52,27.92,25.38,11.18,19.4,26.63,26.43,14.02
Heilbronn,6.45,12.91,37.33,26.88,21.18,30.13,33.2,42.96,60.58,69.35,70.75,81.84,86.04,66.21,59.71,76.64,83.21,76.39,90.68,108.09,126.57,140.19,122.36,159.1,151.37,149.39,141.93,184.74,182.83,164.73,146.31,149.8,162.15,178.23,166.46,118.54
Ulm,:,9,19.04,29.27,36.41,43.62,45.58,67.85,73.73,75.7,99.64,103.21,116.05,83.03,107.01,103.43,111.27,114.16,111.38,145.5,194.91,171.07,160.57,193.6,220.43,242.77,238.36,225.86,250.45,261.13,264.93,239.61,240.45,217.54,213.6,158.85
Pforzheim,3.66,4.95,11.09,28.25,26.14,39.28,51.02,65.95,74.51,81.04,96.85,95.35,109.61,96.38,106.27,91.06,72.63,92.21,107,123.61,119.16,116.31,127.94,113.9,139.2,136.75,137.65,143.8,143.12,175.82,137.63,111.93,132.95,139.72,117.77,99.07
Ingolstadt,:,:,9.53,:,21.81,34.26,42.41,59.62,76.09,69.57,67.22,65.41,72.18,77.26,69.27,61.13,49.39,64.19,71.5,92.25,111.02,119.78,111.38,115.73,151.82,134.36,144.59,173.59,139.5,133.23,157.16,130.06,144.38,201.91,255.04,202.48
Reutlingen,0.25,2.12,7.03,12.67,27.02,24.58,23.75,28.97,30.53,43.33,43.27,38.2,66.67,50.82,49.38,51.03,46.96,59.32,50.89,72.27,91.49,95.14,103.1,112.88,147.71,140.14,111.89,160.2,157.95,175.93,156.19,142.88,139.54,150.69,145.48,99.3
Siegen,6,26.35,22.5,43.63,25.05,33.45,33.17,54.87,58.66,64.35,70.28,78.67,74.97,63.81,74.81,61.95,57.57,68.27,87.53,104.29,108.42,113.69,106.67,110.49,96.16,82.76,108.62,81.46,108.59,141,111.65,102.4,103.3,97.64,104.59,75.41
Hildesheim,:,7.5,13.73,10.3,20.28,19.75,23.73,24,34.68,42.75,35.29,54.53,46.92,34.88,29.98,34.53,53.73,37.22,49.6,86.57,115.28,102.03,130.21,104.98,85.99,82.86,83.36,86.22,91.98,79.12,102.24,81.77,68.71,47.98,44.54,39.49
Zwickau,:,0.24,:,:,:,:,:,:,1,0.2,0.4,0.33,0.46,0.83,3.67,1.15,3.85,6.32,8.08,16.48,12.03,15.13,12.16,9.6,11.32,11.89,13.49,7.88,10.02,16.03,18.62,18.77,15.31,17.29,14.88,21.97
Wuppertal,39.63,79.1,101.8,106.32,97.62,102.65,115.57,109.42,119.7,112.14,130.03,111.46,138.82,101.32,112.59,125.03,105.81,118.14,91.15,118.01,115.05,113.61,131.95,107.31,114.15,112.89,121.94,113.48,135.32,111.35,109.99,87.57,97.12,77.59,85.48,69.98
Tallinn,:,:,:,:,:,:,:,:,:,:,:,:,:,:,:,1.5,2,1.13,1,3.5,4.33,4.9,5.37,4.42,5.17,5.6,7.07,6.32,5.12,12.52,18.25,29.5,31.22,23.87,17.4,13.38
Dublin,:,5,9.5,12.67,14.16,13.5,11,16.96,26.92,22.23,27.22,31.61,28.91,33.96,32.3,40.41,43.67,47.78,55.65,55.27,71.26,77.8,104.87,109.66,126.67,90.68,72.99,109.67,93.41,109.64,134.44,130.21,136.65,122.73,168.28,125.48
Cork,:,:,1,2.33,2,1,6,6.98,5,8.6,6.58,4.14,4,7.17,10.2,4.49,3.5,4.42,11.12,20.89,11.98,36.03,42.12,31.45,29.48,45.09,45.98,37.66,43.72,36.27,35.84,44.69,54.53,35.65,46.85,14.17
Athina,1,1,3.17,3.53,6.2,6.33,4,9.08,4.83,9.9,16,10.08,16,13.5,16.58,26.25,8.5,22.41,17.18,27.28,35.2,40.61,36.98,32.72,42.27,45.92,52.25,43.12,66.82,59.32,60.13,54.73,51.73,37.73,44.53,50.73
Thessaloniki,:,:,:,:,:,1,1.67,2,:,4.17,:,4.5,3,6,2,4,3,3,4,5.5,8.5,8.5,6.92,9.92,9.6,10.48,12.67,8.33,16.5,22.9,11.76,10.2,16.1,12.61,17.81,6.49
Madrid,1,6,3,6.83,5.5,9.83,28.17,29.17,33.83,35.06,36.85,43.99,62.17,63.25,74.42,76.76,82.54,84.57,81.55,84.92,108.73,144.89,155.58,131,162.9,142.75,166.12,209.32,244.56,255.2,263.46,305.33,349.61,314.05,314.17,246.06
Barcelona,:,9.33,8.25,17.33,24.75,32.67,46.17,34.2,48,57.67,76.75,94.35,113.27,106.52,124.32,82.81,131.39,139.37,136.28,145.64,194.07,184.81,229.41,273.11,295.95,332.03,347.1,436.63,436.87,458.3,464.93,443.39,435.91,406.87,441.45,391.09
Valencia,:,:,:,1,:,1.5,3,1,3,6,5,9.33,9.33,7.33,9,7.25,17.81,29.12,12,20.25,27.65,29.68,46.7,41.51,65.61,58.99,62.09,72.67,62.92,46.44,75.71,75.69,86.99,62.83,72.57,70.47
Sevilla,:,:,:,:,2,:,0.6,:,:,1.2,2.33,6.26,2.17,4,3.33,1.5,1.33,2.96,1.75,6.42,11.95,5.7,8.17,14.12,9.76,10.52,12.52,10.57,25.85,20.91,21.8,22.34,46.69,37.57,30.79,34.23
Zaragoza,1,2,1.33,:,:,1,2,:,:,1,2,3,3.5,4.5,9,12.5,8.5,8.53,12,20,17.17,32.92,15.88,32.58,20.72,44.17,29.52,28.59,47.79,40.38,69.63,52.66,72.11,73.25,101.4,69.52
Málaga - Marbella,:,1,5.33,:,4.33,5.5,2,2,2,2.5,1,2.5,1.5,4,2,2.5,0.92,2.17,5.33,8.08,12,5,9,13.87,12.39,18.42,12,12.03,5.7,8.62,9.18,15.89,8.83,15.3,10.29,10.37
Murcia - Cartagena,:,:,1,4,1,:,:,0.5,:,2,0.5,:,:,:,3.33,3,2.13,3,3.67,0.39,5,7,5.38,10.58,7.36,11.25,9,10.25,12.36,16.78,23.98,14.53,18.6,28.35,20.08,29.39
Las Palmas,:,:,0.33,2,1,:,1,1,1,:,:,:,1,1,0.2,1,2,1,1.2,2,1.5,1,3,5,2,3,3,1,5,1.67,3.25,3.33,0.33,2,4.33,5.42
Valladolid,:,:,:,:,:,:,0.33,:,1,:,:,:,:,:,:,0.25,0.78,2,1,3,3.5,2.54,4.73,2.75,4.14,7.33,7.92,4.94,10.87,5.33,18.38,10.92,15.81,8.28,14.29,12.71
Palma de Mallorca,:,:,1,:,:,1.5,1,:,:,2.5,4,:,2,:,1,1,2,1,2,4,2.5,7.2,5.76,7.6,6.74,1,6,7.83,5.07,9.67,7.33,10.63,8.8,11.6,7.33,8.94
Vitoria/Gasteiz,:,:,:,:,:,2.83,:,:,2,:,6,2,3,1,6.67,4,7.31,5,5.5,12.33,6.89,7,13.83,16.5,13.46,16.33,13.48,13.27,27.44,21.52,24.65,24.81,22.37,24.56,24.68,32.35
Oviedo - Gijón,:,:,:,:,:,:,:,2,1,:,1.57,:,0.67,1.33,3.5,5,5.52,6.5,4.96,5,3.16,6.62,9.09,8.33,12.6,6.5,6.64,15.33,17.8,15.33,18.52,27.64,23.45,14.9,17.38,9.86
Pamplona/Iruña,:,:,1,1,3,3,2,1,2,1,:,4,4.17,10,12,13.58,6.94,9.5,19.5,12.29,19.6,21.76,25.39,22.53,22.98,36.25,29,62.07,61.1,47.92,61.17,64.15,51.25,74.41,47.15,38.92
Santander,:,:,1,:,1,:,2,:,3,:,:,2,2,:,3,5,1,1.5,3.17,1,3.33,3.2,5.23,0.7,4.67,0.67,5.12,4.87,8.33,11.17,5.01,11.17,17.25,15.6,11.93,10
Bilbao,:,2,1,1,:,0.5,:,2,1,2,3,14.09,6,8,9.58,6,18.4,6.17,8.5,10.89,18.28,20.23,17.83,20.93,34.07,27.58,27.67,38.8,56.15,51.98,53.56,54.5,60.77,72.13,64.22,52.69
Córdoba,:,:,:,:,:,:,:,0.33,:,:,:,:,:,:,:,1.42,:,1.5,:,0.5,2.1,1.75,3.25,1.29,0.83,1,3.5,4.1,1.5,3,4.83,4.58,4.53,9.75,3,4.5
Alicante/Alacant - Elche/Elx,:,:,:,:,:,1,1.5,1,4,4,2.5,3.5,2,6,15,9,16.17,19,20.33,14,15.84,23.75,26.33,31.08,20.85,26.87,14.13,30.67,37.96,27.78,20.13,28.95,22.7,33.32,29.73,21.9
Vigo,:,:,:,:,1,:,1,:,:,2,:,2.33,1,:,:,0.2,4.29,1,4.5,5.64,6.77,8,4.55,2.5,7.2,12.06,7.37,13.69,12.87,14.56,16.25,12.33,19.03,6.13,13.96,15.33
Santa Cruz de Tenerife,:,:,0.67,:,:,:,1.5,:,0.5,:,:,1,1.5,0.33,0.5,:,3,1.5,2,2,1.13,3,2,6.5,2,4.5,8,7,6.57,6,3.1,8,5.62,4.67,6.33,5.12
A Coruña,:,:,:,:,1,0.2,1.5,:,2,:,0.2,1,:,2,2.67,1.2,0.33,:,5,2,2.67,2.33,2.33,3.67,5.43,7.17,13.17,12.14,16.5,17.05,10.92,21.28,23.63,27.46,28.24,13.39
Granada,:,:,:,1,:,:,:,1.5,1,2,4,:,1,3.5,1,2,3,:,:,3,1.4,:,2,1.08,5,10.55,4.53,8.12,8.21,15.15,7.14,12.72,8.9,10.73,11.42,15.13
Guipúzcoa,:,:,:,2,1,0.67,1,:,4,4.2,4.5,4.09,5.5,10.56,5.03,11.54,11.5,15,8.5,23.4,31.55,25.75,39.67,38.7,34.18,34.97,37.83,53.25,51.77,67.05,58.87,62.54,58.63,78.44,68.74,55.6
Cádiz,:,:,:,:,:,1,1,:,1,:,1,:,:,2,:,0.5,5.57,3,2.67,1,1.42,1,2.2,3,3.58,5,8.33,1,4.33,11.79,3.4,4.2,18,1.25,1.58,6.89
Paris,158.75,650.84,"1,140.68","1,239.58","1,431.27","1,435.19","1,542.51","1,527.80","1,708.80","1,767.22","1,932.02","2,126.33","2,128.21","2,146.55","2,207.17","1,983.31","1,989.93","2,083.26","2,160.04","2,246.58","2,559.26","2,858.20","3,016.34","2,923.77","2,926.99","2,810.61","3,123.01","3,341.41","3,051.79","3,135.28","3,136.96","3,155.61","3,044.84","2,843.98","3,022.38","2,359.58"
Lyon,19.33,66.9,120.28,132.05,156.98,146.43,174.28,200.82,194.97,235.57,276.59,299.9,319.22,265.17,272.18,221.32,259.4,248.39,270.54,312.18,326.41,355.36,343.39,370.84,335.08,350.27,362.18,360.02,371.49,424.22,427.05,487.53,438.66,439.38,454.7,286
Toulouse,7.33,11.58,23.25,35.45,38.9,39.57,38.78,48.48,83.88,64.3,95.61,90.42,103.24,95.37,95.03,71.34,115.08,94.64,102.12,106.68,139.78,158.54,154.13,168.49,192.27,195.14,204.47,253.31,306.3,287.87,276.73,285.66,270.03,250.22,257.29,215.48
Strasbourg,3,11.7,14.28,15.18,45.83,48.87,51.18,70.28,70.58,94.13,105.33,135.87,128.06,114.81,112,124.89,145.3,95.71,84.73,109.39,117.4,122.86,141.05,151.46,130.04,156.67,145.65,167.07,159.62,149.92,172.16,202.82,177.11,204.29,182.15,158.24
Bordeaux,1,13.42,14.62,26.33,19.05,39.25,38.42,38,51.55,57.15,54.89,65.87,84.26,75.18,67.87,67.14,55.1,49.83,66.15,66.29,71.29,61.95,64.15,77.54,84.88,78.06,84.01,109.84,102.34,103.9,131.94,133.91,145.86,128.64,122.7,105.98
Nantes,1.2,12.5,18.5,21.84,26.28,26.67,30.83,22.2,32.67,23.08,30.52,39.53,31.96,36.99,30.42,44.01,41.83,57.41,46.36,59.89,52.26,80.18,71.48,53.39,80.79,83.5,72.36,96.41,99.58,93.66,93.11,95.54,95.08,88.69,90.55,87.78
Lille - Dunkerque - Valenciennes,7.2,21.67,25.5,64.8,47.47,55.95,68.55,72.46,78.05,67.98,71.81,79.3,74.49,90.66,95.76,99.65,95.67,79.73,103.09,88.51,106.2,105.97,132.55,110.06,112.54,118.98,131.19,135.83,157.24,131.41,127.6,147.7,147.19,134.62,139.26,116.2
Montpellier,3.5,2.25,12,20,23.45,41.16,34.37,40.87,33.07,35.59,34.42,33.85,40.62,42.15,41.97,37.55,38.31,44.74,62.16,57.54,58.89,68.63,82.63,71.63,69.16,74.8,87.04,87.28,91.09,80.01,80.03,77.74,109.2,85.63,97.78,72.79
Saint-Etienne,3.5,11.5,22.87,31.33,29.42,38.8,31.47,31.87,44.11,49.17,52.05,49.33,65.57,46.53,46.09,48.17,43.73,42.41,37.91,50.06,50.89,51.44,43.87,44.8,48.23,46.39,47.09,63.57,60.1,56.59,66.77,77.43,60.27,72.61,87.81,59.36
Rennes,1.67,6.5,17,18.58,15.33,21.58,25.8,33.41,29.67,32.67,29.89,45.02,50.23,53.06,25.12,34.92,45.69,55.08,50.85,48.52,75.21,110.21,121.74,172.21,198.98,193.4,246.05,215.1,255.76,261.62,245.95,234.68,232.79,236.6,269.4,248.4
Amiens,0.5,2,1.5,7.67,13,11,11.25,6.23,13.62,11.65,15.42,18.73,16.17,14.33,13.58,16.9,21.82,24.7,20.67,25.29,26.06,34.35,37.81,18.12,23.79,16.05,30.72,37.07,38.5,25.05,34.65,29.96,20.42,29.04,47.68,23.75
Rouen,9,18.67,23.33,29.66,41.43,37,30.96,36.27,27.48,39.33,40.42,53.42,53.89,57.7,50.7,41.58,45.29,44.98,72.03,89.39,80.87,91.1,91.33,88.44,85.38,93.01,104.38,104.84,145.62,139.81,150.8,158.26,132.14,153.27,133.67,105.45
Nancy,2.4,9.15,7.5,11.9,15.42,22.93,23.36,30.04,28.67,25.85,23.57,35.72,47.83,44.98,38.05,30.25,32.39,20.91,23.88,37.82,49.37,46.36,40.05,63.51,50.09,43.51,34.76,37.73,29.03,53.42,64.31,45.2,51.21,38.28,44.59,49.04
Reims,2,2.67,11,13,13.5,13.58,15.75,19.93,14,24.75,33.58,36.33,31.08,23.47,28.47,28.77,18.75,23.58,26.57,33.67,36.54,35.15,35.89,43.86,41.6,44.6,41.76,44.08,39.61,54.23,37.42,36.98,46.76,41.88,43.21,46.75
Orléans,2,5.92,5.64,21,17.17,23.17,25.57,14.52,33.17,27.1,22.57,33.77,37.48,31.28,33.22,54.04,70.25,65.68,59.35,82.93,55.74,72.81,58.44,84.78,69.29,71,73.68,92.69,88.8,85.95,66.9,71.71,67.65,70.24,55.33,54.32
Dijon,1.5,8,16.58,17.5,20.5,21.5,19.33,32.42,27.08,30.25,36.43,44.37,53.15,29.99,28.03,45.8,33.83,67.96,36.93,48.66,36.48,44.34,54.87,50.1,56.35,60.53,54.02,45.78,43.48,43.18,40.76,38.8,40.67,47.6,59.95,49.97
Poitiers,:,:,1.5,3,10.83,5.5,4.5,8.25,7.17,6.08,8.93,8.98,7.5,8.2,5.71,16.97,21.38,15.67,19.12,21.39,30.1,16.27,20,15.4,24.08,25.58,18.47,16.9,23.73,23.39,30.37,29.68,33.36,26.3,26.58,23.67
Clermont-Ferrand,1.5,3,13.55,13.48,13.33,11.33,20.5,19.05,25.25,21.25,29.33,26,45.6,46.83,43.45,39.19,46.83,51.28,51.27,70.83,65.8,83.73,105,122.44,127.54,100.79,89.61,109.75,106.8,106.21,131.41,132.44,148.1,196.73,223.67,119.17
Caen,:,1.67,10.87,5.83,4.5,7,9.7,7.08,10.83,10.82,22.03,16.5,19.2,25.85,23.75,24.87,34.58,32.29,30.49,49.32,43.93,62.14,36.92,64.41,57.8,63.05,65.72,78.17,61.24,53.24,67.44,77.72,48.95,64.75,52.89,35.18
Limoges,:,1.5,2.5,4.5,5.5,5,4.5,6,4.33,10.67,12.86,15.58,13.53,8.97,14.17,13.83,12.25,10.8,16.67,24.31,18.83,29.33,22.8,26.5,22.33,22.28,34.44,30.58,42.02,40.05,25.22,35.91,26.83,36.57,28.38,22.3
Besançon,1,9,9.5,19.58,24.33,26,26.83,27.83,49.33,37.98,52.27,42.73,33.43,57.5,37.75,46.42,47.94,48.21,44.27,60.59,56.65,56,73.37,69.13,54.23,84.57,61.12,59.48,87.9,98.71,67.74,73.15,85.92,86.36,108.73,66.32
Grenoble,12.12,48.59,81,101.17,100.25,107.28,155.64,155.59,171.94,178.89,247.13,209.07,245.67,236.23,236.64,278.17,280.08,305.54,301.74,343.24,356.74,382.24,445.12,426.17,508.28,575.98,535.42,487.31,587.64,584.38,655.35,673.27,732,681.53,764.71,647.55
Toulon,:,2,6.33,6.33,9,12.7,17,9.63,17,13.12,23.03,13.6,32.98,26.83,21.64,16.61,23.29,24.19,28.48,33.51,29.01,35.17,38.88,64.77,45.07,52.6,40.04,39.3,60.99,46.4,58.19,56.31,70.78,53.17,55.03,38.72
Tours,2,2.33,3,8.67,13.33,5.33,6.67,12,10,14.83,17.92,28.33,28.84,37.21,34.53,22.48,28.08,27.63,31.98,47.13,47.62,30.55,58.15,60.45,64.76,49.03,65.4,61.07,61.28,49.84,54.53,46.15,63.05,59.89,73.92,60.84
Angers,1.75,13,5.42,7.5,5.08,11.17,14,17.75,11.92,16.17,21.87,19,18.03,22.72,16.19,23.7,20.95,22.62,19.2,32.3,28.58,27.19,32.94,32.53,40.48,48.77,60.7,41.94,41.8,61.27,51.93,49.97,53.63,60.75,58.1,46.08
Brest,2.33,6.75,8.67,7.23,7.08,6.83,9.58,12.5,7.33,9.25,14.4,14.5,16.29,18.92,20.2,12.39,13.96,20.11,13.33,18.83,15.71,20.64,18.43,21.62,28.62,35.8,37.36,28.91,40.3,37.18,48.38,39.15,60.6,58.75,53.1,41.04
Le Mans,2.33,4,7.83,9,7.33,9.17,16.08,8.33,10.7,14.5,17.15,9.83,20.78,16.92,16.5,35.28,18.56,19.14,31.87,22.5,35.24,37.6,33.18,32.38,35.67,33.56,30.07,39.61,44.27,33.31,37.63,38.39,58.97,65,42.75,34.52
Avignon,0.67,9,15.92,5.2,5.93,6.83,12.9,14.82,17.12,12.92,18.51,32.37,13.11,14.85,22.45,19.19,19.89,14.49,25.29,12.31,20.98,15.9,22.63,27.66,27.61,34.56,28.51,34.5,39.45,28.18,48.42,39.73,41.86,44.48,42.03,30.38
Mulhouse,2,10.75,18.07,27.08,26.95,44.75,43.73,42.08,35.92,35.27,55.7,51.81,50.52,55.27,61.66,63.23,47.06,62.57,65.22,80.16,81.81,92.77,115.55,114.47,129.14,135.9,170.34,147.38,178.23,178.79,182.08,148.56,119.37,115.89,125.61,97.4
Perpignan,:,1,1.57,1,0.5,2.5,4.33,4.5,0.75,1.5,12,3.93,8.67,5,3,4.17,3.6,5.82,5.5,5.5,5.33,6,8.63,3.97,10.45,17.91,9.74,13.41,8.68,12.83,7.27,10.36,12.79,18.9,15.88,8.25
Nimes,1.33,4.14,12.33,6.5,9.17,9,3.58,12,16.53,7.95,23.33,18.71,12.36,21.53,22.38,10.95,17.22,19.6,16.18,23.49,24.77,28.9,21.21,27.95,29.44,28.99,17.3,35.02,41.53,41.47,40.78,42.11,52.28,41.68,48.1,33.03
Pau,1,7,14.92,8,11.08,20.6,20.3,24.81,26.13,32.42,39.54,33.53,29.23,35.28,29.9,22.39,28.32,30.72,45.97,33.8,42.63,46.07,34.02,35.67,26.74,22.51,23.16,37.77,34.92,35.42,46.56,50.13,57.08,69.61,69.73,43.48
Marseille (NUTS 2010),4.5,22.92,29.82,34.27,45.88,51.67,48.18,74.8,76.68,66,75.78,92.17,98.51,113.19,107.09,75.77,78.7,95.92,98.07,117.55,138.84,140.39,157.55,155.25,160.89,151.68,171.96,174.39,181.86,178.96,220.76,237.02,237.19,248.95,250.11,220.53
Nice,4,30.34,23.47,39.17,55.83,59.38,66.99,52.59,79.63,74.03,84.62,100.16,104.73,103.3,97.46,93.4,90.92,115.93,97.11,118.34,108.74,140.48,164.25,180.57,145.05,180.24,191.27,201.75,216.71,235.93,231.66,222.64,211.54,191.11,198.18,166.55
Zagreb (NUTS 2010),:,:,:,:,:,:,:,:,:,:,:,:,:,:,:,:,:,:,9.26,:,12.98,10.85,13.7,10.23,:,25.39,28.46,20.87,27.42,:,20.64,18.65,:,17.18,10.64,1.83
Split,:,:,:,:,:,:,:,:,:,:,:,:,:,:,:,1,2,:,:,:,0.11,3,1,1,0.5,2,2,1,1,0.5,1,0.25,2.5,3,:,2
Roma,:,19.5,12.33,28.67,66.87,47.97,58.17,87.17,87.35,89.09,93.85,103.83,145.36,122.78,138.34,111.17,125.75,94.39,113.61,138.51,160.47,175.92,140.7,190.32,168.22,147.1,182.62,183.82,201.17,197.66,195.01,200.42,151.93,192.43,191.43,116.06
Milano,8.53,30.42,96.55,130.36,162.29,187.18,250.5,293.97,348.84,399.22,511.1,502.12,546.69,496.13,520.81,460.45,487.65,475.02,484.69,559.74,600.86,602.87,667.75,700.41,699.07,765.28,724.27,731.73,700.38,743.77,679.43,643.1,647.36,614.14,519.28,398.6
Napoli,:,2.33,1,8,5,4.17,6.03,3.42,13.25,14.83,10.78,9.83,7.16,13.03,12.42,20.98,14.56,12.44,14.31,27.6,18.08,25.4,24.97,28.66,31.67,26.51,36.19,38.41,62.03,65.84,45.89,64.52,50.39,44.7,33.55,28.95
Torino,3,16.5,44.83,88.23,111.33,116.02,148.58,164.58,147.77,179.42,187.73,220.14,246.66,218.55,183.7,215.05,175.36,201.2,205.5,245.05,227.02,267.72,284.48,272.81,298.82,348.01,406.26,426.53,440.23,420,405.34,396.57,274.31,294.64,327.58,261.71
Palermo,:,:,:,2,2,1,2,2,6,4.5,2.75,1.31,4.9,5,1.4,1.4,0.93,3.42,6.32,4.5,5.75,7.67,5,10.7,6.98,7.65,13.97,12.95,8.98,10.46,7.32,9.69,6.58,4.11,2.75,6
Genova,2,1,7.5,7.7,12.67,15.17,16.6,16.08,15.12,19.48,25.75,31.17,24.87,21.03,31.86,36.85,43.15,43.76,46.93,47.13,53.64,53.58,54.64,74.09,64.05,49.55,79.85,76.49,62.3,98.04,98.64,110.42,93.44,81.29,75.67,62.66
Firenze,2,4.5,4.42,16.67,19.67,18.62,31,26.5,55,38.36,58.93,42.12,60.13,70.13,73.87,41.03,43.21,47.38,38.72,55.17,53.55,54.97,60.88,75.22,88.59,74.29,87.97,71.91,66.92,88.94,71.17,80.88,89.19,106.79,101.57,72.42
Bari,0.5,1,:,2,2.5,3,7.92,3,2.5,9.3,9.5,7,7.67,7.83,11,11.25,13.33,8.4,9.58,16.21,19.33,15.48,21.17,18.78,22.64,13.09,17.48,34.49,28.85,34.16,26.19,32.4,27,26.69,35.23,18.97
Bologna,:,4.25,17.17,29.8,43.87,52.92,49.83,61.08,76.32,82.08,110.17,91.53,94.75,135.47,142.87,124.71,157.54,179.37,195.26,206.15,202.37,239.78,257.64,260.12,274.53,289.49,287.75,287.51,298.52,311.86,297.13,253.34,220.15,214.77,206.56,196.24
Catania,:,:,1,1,1,2,0.7,4.5,1.5,8.67,9.08,17.83,14.08,17.58,16.17,11.25,27.8,36.33,32.65,19.1,19.42,36.63,44.83,32.82,35.79,39.33,35.01,40.02,50.22,32.82,22.37,26.52,29.4,23.42,17.89,6.04
Venezia,:,1,2.25,8.5,7.17,5.95,2.5,5.03,19.18,18.7,14.85,26.5,21.94,15.77,21.38,19.71,13.83,19.08,18.37,27.5,36.53,28.4,29.57,28.92,36.31,48.27,36.27,59.67,54.07,66.69,59.67,61.77,66.88,49.02,43.8,50.17
Verona,:,3.67,4,5.17,8.33,7,9.75,15.17,10.77,9.98,13.03,14.58,14.75,22.28,27.69,25.42,33.8,27.58,24.78,34.96,50.81,43.63,49.53,71.59,80.16,67.77,99.3,93.28,92.83,93.03,97.99,72.69,66.38,70.97,78.18,69.8
Taranto,:,:,0.33,:,:,:,2,1,3,1,1.7,1.67,2.67,2,1,1.5,0.75,:,0.75,1.58,2.64,1.25,5,4.58,5.58,7.33,6,4.67,4.47,4.21,8.71,2.95,7.18,4.67,1.33,4.17
Cagliari,:,:,:,1.5,:,2,2.5,1,1,1.75,1.33,1.67,1,1.5,2.25,2.31,3.5,2.75,3,3.17,4.5,5.7,7.17,5,2.58,7.58,3.5,9.67,6,8.35,8.08,10.45,9.41,7.55,7.27,4.17
Padova,:,:,6,6.2,13.67,11.08,14.67,18.53,28.68,25.15,28.27,33.56,53.07,51.75,71.4,41.86,40.65,41.08,55.77,57.46,73.82,76.94,90.14,89.94,99.11,104.51,101.34,109.03,125.76,131.38,129.1,113.53,132.44,109.89,107.34,106.46
Brescia,:,3.67,8.5,9.5,14.33,10.9,16.53,13.25,20.6,34,41.25,57.21,54.96,49.96,48.5,42.92,41.92,50.83,43.67,65.05,85.18,76.4,94.2,107.03,95.46,106.54,111.42,164.93,133.4,137.86,130.47,134.55,154.33,118.31,137.74,94.09
Modena,:,4.5,10.33,14.58,14.33,12.67,12.5,14.67,19.7,15.17,39.25,36.67,37.05,44.67,44.1,31.5,51.33,42.83,46.05,75.5,71.08,86.23,117.13,151.97,123.3,135.23,153.31,123.62,115.61,158.26,151.25,134.38,135.24,157.39,118.17,106.54
Messina,:,:,:,3,:,2,1,2,1,1.5,1,3,3.5,2,1.14,2.5,3,3.67,4.67,4,8.58,8.33,10,6.23,6.1,8.28,8.4,11.76,7.87,10.19,3.33,5.64,4.08,9.65,3.67,1.6
Prato,:,:,:,0.25,:,0.5,1,2.5,:,2.5,3,1.75,2,4.5,8.48,3.58,5.5,5,7.33,4.25,3.93,5.53,8.69,16.13,16.86,19.94,20.54,9.39,11.41,11.37,10.71,9.93,7.03,19.33,5.59,8.49
Parma,:,:,4.42,9.83,7.5,8.67,7.5,13,33.25,17.39,29.2,20.67,33.71,28.67,36.92,17.78,20.95,31.87,28.68,26.17,53.04,42.57,47.58,66.78,59.32,67.46,69.31,62.19,76.17,75,79.37,83.83,96.51,80.38,93.91,76.67
Lefkosia,:,:,1,:,:,:,0.5,:,:,1.5,1,:,0.5,3,2,2.5,1,4,:,1.83,2.42,2,4.11,6.2,14.78,6.92,5.03,6,16.79,6.33,10.33,11.25,15.23,7.67,5.63,2.5
Riga,:,:,:,:,:,:,:,:,:,:,:,:,:,:,:,:,:,:,1.9,1.75,3.7,4.67,1.7,9.23,5.13,6.83,6.94,9.61,16.68,15.25,15.67,19.74,16.81,14.95,15.18,21.59
Vilnius,:,:,:,:,:,:,:,:,:,:,:,:,:,:,:,:,:,0.1,1,0.5,0.33,0.67,3,3.44,3.15,1.11,9.14,6.01,5.55,8.17,6.66,11.12,5,9,10.15,17.65
Kaunas,:,:,:,:,:,:,:,:,:,:,:,:,:,:,:,:,1,1,1,1,1,:,:,1,:,0.55,7.71,5.02,2.58,1.5,2.8,3.5,3,2.2,1.7,2.61
Luxembourg,4,17,22.56,24.46,37.97,40.33,29.08,24.97,31.05,25.83,16.04,29.1,17.27,40.83,28.22,23.97,34.46,21.01,28.78,41.21,50.69,74.23,62.48,79.45,71.98,60.72,87.17,113.87,96.91,105.96,72.45,91.91,74.93,76.13,69.65,57.85
Budapest,2,6,31.27,72.03,100.84,99.34,83.64,96.93,86.87,72.03,88.59,69.41,72.3,49.29,44.42,32.34,45.44,36.73,39.76,48.9,59.48,41.3,87.56,87.52,78.37,80.17,93.12,110.2,97.41,106.22,115.84,112.28,118.73,125.85,145.69,113.69
Miskolc,:,:,4,:,2.67,1.33,3.73,0.39,1,4.33,0.9,:,1,1,0.17,1,:,0.5,1.5,0.37,0.67,2,3.02,3.48,0.25,2.13,3.04,2.7,2.5,4.42,13.08,8.9,3.69,11.5,11.44,3.08
Pécs,:,:,:,1.1,:,:,0.91,0.08,0.17,:,3.75,2,:,0.33,0.08,1.2,1,0.93,1.5,:,2,2.78,1.11,1.76,0.6,2.83,2.78,2.17,2.2,5.48,8.45,5.55,2.96,6.26,4.85,3.8
Debrecen,:,:,:,3,4.1,0.13,9.07,4.45,6.7,1.88,3.36,5.23,3.93,3.37,1.04,4.73,1.36,1,2.73,3.4,1,1.5,7.8,12.45,6.93,7.19,10.13,12.76,11.81,13.02,6.66,6.24,4.36,3.7,7.51,6.43
Székesfehérvár,:,:,2.4,:,3.83,3.2,3.49,1.72,1.87,0.73,:,5.77,1.7,:,1.25,:,:,:,:,1.05,0.27,1.25,:,:,0.25,2.45,2.37,4.45,3.74,1.7,2.29,3.31,4.32,2.82,3.81,1.33
Valletta,:,1,:,:,:,:,:,:,1,:,:,:,:,:,4,4,1,:,1,2,2,4,5,4.5,3.95,4,3.25,5,10.83,6.85,4.5,3,6.27,3.5,:,4
s' Gravenhage,8.67,18.73,26.75,32.92,34.25,41.87,29.17,39.42,47.7,46.25,42.81,36.68,52.65,50.13,59.02,58.67,59.39,71.68,87.3,78.75,94.08,70.19,85.6,83.82,88.17,85.87,102.69,88.62,126.48,126.44,131.18,155.89,157.26,119.2,79.12,65.77
Amsterdam (NUTS 2010),:,:,60.42,69.25,82.1,:,97.29,105,98.73,119.49,176.66,163.48,126.07,138.4,148.39,121.31,124.19,138.22,133.46,145.42,186.6,167.15,195.32,261.93,210.61,221.88,230.41,245.86,208.54,273.63,293.78,240.57,257.7,236.16,275.16,204.67
Rotterdam,2,5.28,24.28,44.88,54.33,46.63,66.03,43.33,53.12,67.85,75.73,106,107.97,91.61,79.26,80.52,97.37,74.99,102.35,103.82,132.86,131.68,146.74,163.52,150.14,162.85,170.86,160.25,180.85,153.42,177.99,154.89,134.8,143.85,129.09,127.47
Utrecht,3,26.42,31.13,52.38,39.87,39.78,45.48,52.33,52.57,45.05,63.46,83.14,86.74,81.88,58.48,68.79,83.97,85.38,97.95,110.79,133.9,167.13,156.19,173.28,152.94,171.85,169.55,181.32,205.66,212.55,211.05,199.66,202.77,189.33,125.33,129.9
Eindhoven,21.67,37.2,125.33,122.58,207.8,300.17,386,418.85,429.34,487.2,506.27,551.59,576.22,485.22,496.02,495.73,453.43,398.26,503.34,789.18,860.47,"1,048.99","1,286.78","1,593.35","2,231.49","1,784.84","1,640.47","1,594.24","1,449.04","1,531.23","1,139.56","1,245.89","1,302.60","1,093.95","1,430.93","1,061.68"
Tilburg,1.5,3,4.5,4.5,13.86,13.67,9.83,18.17,12.75,13.67,17.92,18.92,13.2,22.37,20.49,15.83,22.92,20.7,16.82,20.01,25.24,27.93,35.5,61.17,38.78,54.49,77.73,73.71,81.31,60.16,65.61,75.76,85.21,47.85,54.74,33.08
Groningen (NUTS 2010),:,:,1.75,0.83,:,12,13.83,10.25,9.5,:,16.06,13.58,18.52,10.43,13.53,:,23.05,29.74,31.68,24.42,23.22,35.9,28.26,35.16,33.59,47.86,39.66,32.27,29.64,45.26,:,44.94,44.97,35.61,35.84,17.84
Enschede,5,10.67,17.4,32.83,24.33,37.33,27.5,27.17,33.42,41.73,40.78,53.83,51.33,69.37,41.33,36.6,49.38,71.83,65.99,59,79.54,74.85,75.76,61.68,72.35,65.7,53.01,83.39,93.2,83.13,96.57,96.94,117.36,103.28,100.8,77.88
Arnhem - Nijmegen,5.57,18.33,22.67,20.67,24.27,29,28.5,20.75,23.12,31.17,36.17,38.22,50.7,43.83,43.78,51.71,60.51,65.13,61.44,55.68,60.3,78.33,63.52,84.41,86.16,64.26,81.69,87.62,101.68,89.78,80.6,98.96,96.85,101.27,99.52,57.63
Heerlen,15.2,26.83,44.92,62.83,45.5,29,46.08,47.72,45.5,39.33,57.29,43.93,45.33,44.08,50.17,52.87,46.56,50.48,69.18,102.08,99.48,83.77,102.61,109.68,109.43,115.73,126.44,111.51,139.33,153.46,158.27,139.81,114.7,87.22,74.57,55.1
Breda,2.5,8.67,6,6.5,19.5,31.58,25.93,29.07,28.38,38.02,36.25,48.93,53.57,31.55,40.3,30.46,29.62,45.69,31.97,36.87,67.92,61.17,63.46,55.9,55.89,49.21,59.13,72.34,89.95,77.47,68.78,81.15,62.73,66.82,60.6,53.37
s-Hertogenbosch,6,10.3,14.53,29,23.88,30.83,25.2,31.83,28.83,39.5,50.62,64.7,77.61,67.58,44.05,74.53,44.44,63.95,68.43,57.67,100.12,80.8,105,127.47,93.92,94.67,104.65,114.4,100.78,101.69,98.55,115.39,112.69,93.54,85.05,73.81
Wien,:,:,78.95,:,97.33,102.44,128.44,185.33,:,181.01,209.86,198.76,191.62,178.82,226.18,178.7,205.08,208.15,174.43,229.47,250.29,244.53,301.79,292.33,343.54,373.68,426.82,434.03,432.52,560.48,517.34,397.04,363,355.4,389.03,345.68
Graz,:,16,34.83,37.12,23.47,46.16,41.5,36.2,54.75,60.2,75.25,85.75,78.86,85.95,71.23,79.11,53.78,69.84,58.81,60.57,92.92,82.04,108.81,122.76,117.94,136.01,155.12,140.8,135.17,185.55,151.08,170.68,193.99,198.72,188.95,173.04
Linz,14,33.16,39.52,35.5,49.05,60.72,36.72,53.36,57.17,50.75,55.15,69.45,57.01,58.22,60.5,68.81,71.49,77.76,85.61,99.57,107.89,109.28,114.71,129.41,153.22,152.13,136.26,145.73,158.76,164.24,170.47,187.59,208.55,234.49,232.55,212.33
Salzburg,1,11.33,17.17,21.33,23.05,19.17,17.25,15.7,31.07,31.67,17.09,37.33,36.25,23.14,33.7,22.88,23.31,27.3,23.57,45.07,33.7,46.04,48.29,67.74,60.48,50.92,73.59,64.12,72.33,76.43,98.09,75.29,83.99,69.33,86.66,61.64
Innsbruck,1.4,5,11,7.17,18,18.57,14.33,20,23.93,12.94,17.67,19,11.83,18.83,19.92,23.12,29.02,20.32,15.13,16.17,22.83,38.37,38.66,30.72,53.3,36.75,38.91,34.82,47.63,50.13,60.42,79.59,48.41,68.92,66.36,59.55
Warszawa,:,:,:,:,:,:,:,:,:,:,:,:,:,:,:,:,:,:,:,:,:,:,:,:,18.37,30.42,20.41,39.91,25.43,22.62,38.42,36.1,46.57,79.69,69.21,93.09
Lódz,:,:,:,:,:,:,:,:,:,:,:,1.26,:,:,2,2,:,:,2.87,:,3.26,5,4.26,5.25,:,:,5.03,5.24,6.5,9.42,11.43,18.3,27.69,28.17,22.45,37.73
Kraków,:,:,:,:,:,:,:,:,:,3.42,5.5,:,:,:,:,:,:,:,:,:,:,:,:,4.45,:,10.27,8.75,14.34,6.72,11.66,19.72,17.46,38.92,28.39,53.23,51.9
Wroclaw,:,:,:,:,:,:,:,:,:,:,:,:,:,:,:,:,3.33,4.51,:,:,2.75,:,1.47,:,3.34,:,11.16,:,6.38,7.05,17.38,12.81,25.7,23.47,27.13,24.87
Poznan,:,:,:,:,:,:,:,:,:,:,:,:,:,:,:,:,:,2.6,:,0.63,:,:,:,:,5.17,:,4.4,:,6.63,9.65,12.43,13.61,18.88,23.87,10.5,21.11
Gdansk,:,:,:,:,:,:,:,1,:,:,:,:,:,:,2,:,:,:,:,:,:,:,2.67,:,:,:,:,2.57,:,2.48,7.79,8.48,8.08,12.04,19.93,16.73
Szczecin,:,:,:,:,:,:,:,:,:,:,:,:,:,:,:,:,:,:,:,:,0.88,:,:,:,:,:,:,1.33,6.31,3.38,:,3.91,3.91,2.77,5.81,12
Bydgoszcz - Torún,:,:,:,:,:,:,:,0.71,2.33,0.13,:,:,:,0.2,:,:,:,:,:,:,:,:,:,:,:,:,:,2.5,2.5,3.3,3.8,7.67,3,5.99,5.99,3.98
Lublin,:,:,:,:,:,:,0.17,0.5,0.33,0.5,1,:,:,:,:,:,:,:,1,0.92,:,:,:,:,3.17,0.33,0.2,0.67,1.31,2.5,6.92,18.57,6.11,7.21,7.17,2.42
Katowice,:,:,:,:,:,:,:,:,:,5.77,:,:,:,:,:,:,:,:,:,:,:,:,:,:,:,:,:,:,6.3,:,:,14.18,17.87,8.3,23.23,21.03
Bialystok,:,:,:,:,:,:,:,:,:,0.25,:,0.33,:,:,:,:,:,:,:,:,:,:,1,1,1.08,0.5,0.8,0.33,1,0.54,3,0.75,2.65,2.64,2.53,:
Kielce,:,:,:,:,:,0.67,:,:,:,:,:,:,:,:,:,:,0.25,:,:,:,:,0.5,:,:,1,0.5,3.5,:,1,0.7,3.17,3.17,5.04,2.7,5.75,4.06
Rzeszów,:,:,:,:,:,1,1,:,:,0.67,:,:,:,:,:,:,:,:,:,:,0.45,1.5,:,:,:,1,0.6,1.12,2.12,1.5,2,1.17,3.18,5.03,3.2,4.73
Opole,:,0.5,0.5,1,:,:,1.8,:,:,:,:,:,:,0.89,:,:,:,0.25,:,:,:,1,1.17,1.25,1.56,:,:,1.98,2.2,0.29,1.27,3,0.58,7.5,:,5.05
Czestochowa,:,:,0.4,0.33,:,:,0.25,:,:,:,0.22,:,:,:,:,:,:,:,:,:,2.33,:,0.14,3,2,2,1.25,0.29,1,3,:,3.08,4.94,1,0.67,3.43
Radom,:,:,:,:,:,:,:,:,:,:,:,:,0.25,:,:,:,0.67,:,:,0.2,:,1.5,:,:,1,4,5,1,5.92,6.25,3.53,5.5,4.4,13.31,11.18,14.29
Bielsko-Biala,:,1,1.4,:,:,:,:,3,:,0.53,0.17,1,:,:,:,0.33,0.5,:,:,:,:,1.3,:,:,2,2,2.55,4,2.33,4.94,1,6.54,6.32,7.42,5.32,11.64
Tarnów,:,:,:,:,:,:,:,:,:,:,:,:,:,:,:,:,:,:,:,:,:,:,0.57,:,:,:,:,1.53,:,0.75,1.5,1.83,1.63,2.17,0.33,0.48
Lisboa,:,:,:,2.8,2,2.2,:,4.25,:,4.33,:,4.9,4.25,5.25,6.92,4.6,7.67,8.4,7.66,8.17,8.5,11.42,20.38,11.9,17.9,:,23.25,19.16,52.08,38.66,52.21,37.16,37.56,32.89,45.42,24.41
Porto (NUTS 2010),:,1,:,:,:,:,:,:,:,:,1,1,1,0.5,0.5,3.25,3.83,2,2.33,1.87,1.83,4.21,4.48,9.42,9.83,12.83,17.62,10.14,17.98,23.82,23.17,23.01,16.51,16.96,16.51,10.67
Coimbra,0.33,:,:,:,:,:,:,0.17,:,:,:,:,:,:,:,1,2,0.5,:,0.33,:,:,1,4,0.25,0.25,2.48,3.43,4.03,4.47,6.25,7.33,2.03,5.69,6.7,6.17
Bucuresti (NUTS 2010),:,:,:,:,:,:,:,:,:,:,:,:,:,:,:,:,:,:,:,:,:,:,:,:,:,6.45,11.68,11.77,15.15,:,:,16.17,18.1,17.53,30.31,32.17
Cluj-Napoca,:,:,:,:,:,:,:,:,:,:,:,:,:,:,0.33,:,:,:,:,:,:,1,:,:,0.33,0.4,1.33,0.33,1.83,0.25,0.45,2.42,0.5,1.58,4.74,3
Timisoara,:,:,:,:,:,:,:,:,:,:,:,:,:,:,:,0.5,:,:,:,:,1,:,:,:,:,:,0.75,0.33,0.9,0.73,4.93,4.12,1.33,0.5,10.1,4
Craiova,:,:,:,:,:,:,:,:,:,:,:,:,:,:,:,:,:,:,1,:,:,:,:,1,:,:,:,0.08,:,:,1,1,2.33,1,0.13,0.5
Constanta,:,:,:,:,:,:,:,:,:,:,:,:,:,:,:,:,:,:,0.17,:,:,:,:,:,:,2,:,:,1,:,:,0.5,:,0.5,:,:
Iasi,:,:,:,:,:,:,:,:,:,:,:,:,:,:,:,:,:,0.75,1.5,0.33,0.14,1.5,0.92,0.25,:,0.14,0.17,0.44,0.53,2.5,0.73,1.7,1,1.2,2.58,3.43
Galati,:,:,:,:,:,:,:,:,:,:,:,:,:,:,:,:,:,:,1,:,:,1,:,:,:,:,1,:,:,2,:,:,:,:,:,:
Brasov,:,:,:,:,:,:,:,:,:,:,:,:,:,:,:,:,:,:,:,0.83,:,:,:,:,0.14,:,:,:,2.1,0.39,0.58,:,2,1.75,1.6,1.58
Ljubljana (NUTS 2010),:,:,:,:,:,:,:,:,:,:,0.83,:,2,3.19,2,5.25,10.8,5.33,14.62,4.83,10.05,18.2,11.2,19.56,24.18,28.85,34.67,39.69,37.85,45.75,52.32,65.37,57.67,42.85,58.42,43.31
Maribor,:,:,:,:,:,:,:,:,:,:,:,1,:,1.5,:,0.5,1.5,1.67,3.33,1,3.5,6.75,4.5,2.86,2.84,9.07,2.31,7.54,6,1.5,6.45,2.45,5.52,4.35,8.49,7.84
Bratislava,:,:,:,:,:,:,:,:,:,:,:,:,:,:,:,0.67,1.25,3.03,2.25,5.67,3.12,4.87,7.49,4.28,9.67,14.44,10.57,7.69,11.04,15.7,12.78,19.91,9.44,15.34,19.25,5.77
Kosice,:,:,:,:,:,:,:,:,:,:,:,:,:,:,:,:,1,:,:,:,1.5,1.25,2.67,2,:,2.67,6.45,1.25,3.42,2.33,5,3,2,2.83,3.93,2.5
Helsinki,2.5,4.5,15,43.25,44.15,43.5,62.1,72.45,77.15,87.7,117.32,117.77,150.82,162.48,150.46,227.08,264.74,317.5,321.65,402.51,492.42,525.71,691.87,653.4,659.42,602.25,575.83,659.11,637.67,672,631.33,629.33,636.39,688.16,634.01,635.97
Tampere (NUTS 2010),:,5,4,9.17,8,8,7.67,15.67,16.37,33.35,22.38,41.09,34.34,52,47.37,52.98,52.07,74.33,88.88,106.16,139.07,194.45,245.55,260.2,273.19,244.18,251.02,299.89,273.86,251.79,192.82,199.38,189.79,232.05,207.55,200.28
Turku,:,2,3.83,8.17,9.83,5.57,12.25,11.23,12.95,18.17,28.18,44.45,61.44,47.97,70.03,70.13,67.59,81.85,63.15,90.94,88.5,130.85,111.74,148.64,156.95,125.57,174.23,129.27,120.02,95.53,116.24,93.91,95.31,67.99,91.81,102.71
Stockholm,36.58,76.7,137.76,176.76,174.24,257.1,257.3,232.35,283.47,230.23,266.47,255.86,276.74,275.07,287.73,395.94,369.94,448.8,514.78,597.33,715.94,719.61,731.89,721.04,617.48,564.97,566.36,651.92,690.26,791.33,900.07,975.93,874.9,990.44,939.81,830
Göteborg,12.65,34.88,61.86,87.51,127.43,138.68,128.4,133.98,168.33,130.77,153.23,145.46,154.49,173.2,154.33,163.14,200.63,227.61,257.25,302.59,374.48,363.38,356.63,398.79,461.92,450.24,441.52,466.88,509.53,476.32,514.58,426.77,392.57,415.88,407.96,320.34
Malmö,21.3,61.5,75.38,112,137.23,141.45,142.33,133.6,138.07,136.03,146.23,130.41,127.15,144.06,140.58,144.51,160.12,175.69,226.06,241.48,281.47,294.74,402.42,401.32,413.62,388.06,401.73,438.31,450.23,501.29,553.09,506.91,465.49,489.37,525.33,503.09
Uppsala,0.33,3.58,9.81,20.12,18.6,17.7,33.2,42.08,38.01,33.23,30.19,51.86,33.65,46.83,39.05,50.99,44.07,64.15,60.54,78.84,86.38,105.98,112.4,124.02,112.66,107.9,107.34,92.5,120.28,115.1,151.12,125.53,141.8,127.25,131.11,88.64
Oslo,4.5,11.58,29.25,23.58,27.16,26.5,22.17,50,41.78,43.23,34.4,50.87,67.74,59.11,59.45,76.38,75.88,68.92,68.39,101.74,120.61,134.07,123.94,132.85,124.55,160.77,136.98,150.42,147.54,189.69,172.94,150.54,192.66,175.61,149.59,146.4
Bergen,:,1,:,1,4,2,1,6.83,4.25,7.5,4,12,10.67,2.95,6.58,6.7,3.67,5,21.18,17,14.8,27.46,22.25,24.25,16.32,21.65,20.83,23.45,35.87,32.48,38.97,46.44,61.88,53.97,37.81,12.05
Zürich,37.17,127,208.05,224.48,260.29,292.46,357.34,346.69,380.28,343.51,378.83,442.03,434.89,398.51,418.38,420.25,387.13,367.36,369.23,411.38,457.7,582.55,523.91,618.19,568.5,535.91,587.74,643.97,741.51,665.38,687.55,665.03,623.28,620.36,640.64,536.23
Genève,10.33,42.48,67.92,66.18,80.43,69.85,88.83,101.02,89.3,78,90.98,95.91,80.77,48.68,48.13,58.45,49.7,67.75,47.98,62.49,87.26,77.32,89.04,79.61,102.38,110.92,103.05,107.44,132.75,95.97,85.58,80.1,63.61,100.28,105.73,53.27
Basel,79.11,179.02,234.81,256.89,229.73,255.81,229.97,269.79,237.84,245.08,287.43,246.26,277.36,228.09,205.84,226.33,201.69,248.37,258.36,286.48,286.96,298.11,331.01,367.19,416.03,398.82,473.11,453.35,532.26,528.49,436.04,418.19,376.16,384.05,399.96,315.49
Bern,7,33.08,50.9,63.5,76.43,68.28,94.37,101.71,121.9,87.52,99.86,111.89,112.53,94.37,111.67,117.5,107.35,108.46,117.34,130.96,185.42,176.6,219.61,217.56,197.49,195.82,212.53,246.52,257.91,235.51,262.84,209.53,220.02,242.46,239.58,186.14
Lausanne,9.25,38.17,59.7,61.08,87.75,82.58,99.5,99.42,99.6,84.62,83.63,85.33,124.28,148.17,112.88,110.31,117.34,140.58,150.89,158.21,164.26,177.22,225.74,267.89,267.67,268.25,260.21,323.54,288.63,347.65,326.45,380.98,416.52,463.68,397.96,314.68
London (NUTS 2010),:,:,:,:,188.08,:,:,:,:,:,:,686.5,:,800.68,736.02,768.97,750.59,707.84,810.36,927.83,"1,020.50","1,129.83","1,263.54","1,325.97","1,228.07","1,350.88","1,284.97","1,357.89","1,246.13","1,185.90","1,112.37","1,041.16",:,"1,135.80","1,072.05",922.29
West Midlands urban area,:,:,:,:,:,49.19,54.08,38.84,:,51.7,59.05,73.01,86.39,56.03,76.2,82.69,83.72,84.76,75.18,84.07,106.11,101.52,119.09,117.29,114.07,99.24,83.72,95.87,119.74,102.41,92.27,98.5,74.32,87.11,76.37,68.27
Leeds,:,5.5,7,:,:,8.33,9.93,16.66,12.5,12.67,19.42,36.25,31.17,27.2,40.85,25.83,30.13,43.82,43.75,44.5,55.99,53.26,75.01,61.72,55.92,46.53,52.45,52.95,47.51,50.49,58.47,67.89,52.71,52.4,45.58,43.25
Glasgow,:,:,6.77,:,12.66,:,23,:,20.58,23.33,22.42,28.52,38.59,33,24.52,26.18,38.56,30.68,43.19,48.64,45.09,57.1,69.2,72.86,70.32,78.82,56.5,70.88,71.26,69.13,63.55,57.54,72.6,54.25,58.98,45.94
Bradford,1,3,1.17,3.5,9.25,4,7.17,7.33,10,12.83,21.23,16.67,10.62,13.18,18.9,17.08,12.83,9.82,17,20.81,23.68,23.5,39.76,46.72,34.12,25.75,34.3,38.56,34.83,37.38,32.9,24.98,20.45,35.58,35.64,26.78
Liverpool,:,:,:,:,8.7,11.23,27.05,37.58,40.6,50.56,67.97,76.48,82.17,83.52,74.81,72.06,69.5,69.29,59.27,63.73,66.11,86.88,118.56,125.27,90.95,105.51,87.96,104.3,93.28,107.69,92.74,131.94,100.91,130.88,127.66,74.99
Edinburgh,:,:,:,:,:,:,:,:,:,21.5,23.33,16.84,:,23.24,20.42,17.05,29.65,29.67,46.88,33.36,43.21,49.79,57.49,73.57,84.29,95.47,91.67,84.01,100.11,100.76,106.56,104.6,114.99,77.33,86.64,50.62
Manchester (NUTS 2010),2.33,17.92,28.53,33.58,35.5,40.48,42.79,60.33,63,61.47,69.88,84.43,95.62,98.8,94.13,97.22,88.43,83.91,95.22,99.96,108.76,124.71,107.86,131.99,120.59,118.79,131.89,120.81,152.04,119.63,123.21,109.06,98.74,114.51,127.22,98.55
Cardiff,:,:,:,:,:,:,11.16,11.66,15.08,:,24.37,19.31,32.39,15.5,17.67,25.49,31.28,30.47,39.26,42.51,42.43,49.44,52.16,59.7,61.32,44.28,63.99,53.04,45.26,43.61,48.64,49.63,56.12,41.11,58.96,38.08
Sheffield,0.5,:,3.98,5,6.58,5.42,11.75,10.83,13.42,7.25,15.68,12.17,15.42,11.17,11.9,18.35,15.5,12.28,13.25,19.46,28.77,16.18,35.05,38.74,34.28,42.25,33.24,30.66,42.97,38.15,35.8,48.07,27.8,33.16,37.52,27.28
Bristol,3.5,4.33,17.67,17.5,15.5,20.58,25.2,24.36,26.45,51.99,52.7,58.67,80.88,69.74,69.03,71.65,63.98,107.11,83.32,118.22,111.57,164.76,190.86,217.04,201.88,168.79,157.2,194.26,194.95,176.17,218.05,205.13,189.69,187.14,228.29,171.96
Belfast,:,2,:,:,:,:,3,:,5.33,3.75,3,2.58,4.5,5,12.16,2.75,7.92,11.87,9.48,7.28,10.65,9.53,23.9,21.16,18.92,18.17,16.66,22.19,38.24,36.16,26.75,21.58,29.12,19,21.69,18.7
Newcastle upon Tyne,1.83,6.56,:,7.5,12.83,7.5,16.83,11.7,15.67,15.83,14.97,22.27,28.35,37.39,35.36,32.42,45.99,78.54,86.22,80.44,70.53,69.3,72.38,61.38,45.6,49.36,67.88,73.8,59.64,69.97,58.97,107.79,104.93,66.98,88.31,76.81
Leicester,:,6.67,5.25,15.22,14.47,11.33,20.17,18.58,20.17,28.2,19.1,47.39,58.57,50.34,66.18,56.95,43.44,58.67,54.28,77.25,83.03,98.94,108.68,108.26,81.21,101.97,118.81,79.54,108.64,106.61,92.86,79.62,81.97,71.03,85.29,79.36
Aberdeen,1,2,1,1.4,:,5.5,14.55,7.58,7.7,3.5,10.85,18.44,20.17,21.67,19.5,22.83,20.08,35.88,49.1,43.27,49.25,51.72,62.58,71.51,63.4,48.93,52.4,57.73,45.68,74.9,129.35,99.97,95.2,89.11,84.65,79.14
Cambridge,1,3.25,11.45,15,32,31.95,47.33,78.22,54.88,77.87,65.14,86.12,100.43,116.58,100.39,115.04,143.93,144.99,167.62,225.92,239.62,259.54,331.62,325.67,364.4,312.35,353.83,378.28,376.64,360.31,350.66,300.26,271.45,313.06,316.48,229.99
Exeter,:,:,0.5,1,3,3.25,7,8,6,8.5,4.5,13.17,12.33,15.5,14.85,13.57,20.12,12.82,22.5,23.98,29.2,25.12,41.62,40.57,46.19,38.98,27.7,31.93,35.5,32.21,24.85,26.7,25.43,27.85,13.78,19
Portsmouth (NUTS 2010),:,0.25,:,0.83,2,1.5,:,1.71,1.2,1.83,4,5,2.33,5.03,0.83,2.5,3.25,0.25,5.87,1.83,1.83,2.79,6.4,1.08,3.42,8.12,3.9,3.08,5.25,2.79,7,3.87,7.75,2,12.53,4
Coventry,:,3.33,5.5,15,18.34,20.66,26.75,29.75,33.91,46.91,46.21,67.68,65.21,65.16,56.45,76.38,89.92,87.81,67.83,112.47,87.33,99.75,94.2,114.84,107.15,92.22,99.68,93.79,69.6,97.82,77.08,74.95,99.21,167.93,170.41,146.97
Kingston upon Hull,:,:,:,7.5,13.5,17.45,17.61,16.17,14.55,23.28,23.9,36.27,26.25,26.78,29.15,17.54,28.42,29.2,34.86,38,26.55,50.76,32.01,37.32,45.89,55.53,43.81,44.34,68.36,38.76,68.5,31.83,23.14,23.53,36.64,14.12
Stoke-on-Trent,:,2.33,4,:,9.66,11,15.92,22.08,24.17,:,35.46,24.54,22.4,29.73,34.08,34.69,39.73,41.25,35.8,44.63,55.27,58.29,58.69,63.6,56.1,66.09,54.61,:,59.78,41.85,54.47,46.51,57,64.86,59.4,66.44
Nottingham,:,:,4.83,5.67,13.67,8.75,19.96,15.48,19.33,26.86,34.3,44.62,56.21,50.84,62.18,59.26,64.77,78.95,83.95,90.22,97.35,108.88,128.15,132.83,137.27,115.32,125.63,111.14,112.56,138.23,133.14,129,111.02,111.58,163.44,82.17
Kirklees,1,2.33,1,4,8.58,9.83,6.75,9.33,12.17,9.33,12.82,18.25,15.2,20.77,24.42,16.95,22,31.9,27.73,31.62,37.7,37.67,48.35,49.27,38,45.07,33.65,34.66,27.2,29.1,17.48,34.17,29.43,23.8,22.74,20.62
Doncaster,:,1.5,2,7,2.42,1.5,5,2.74,8.42,5.33,4.98,10.85,6.5,4.33,8.67,9.5,11.08,5.94,12.17,11.37,14.5,13.62,12.92,16.09,15.42,21.43,15.48,14.23,19.08,17.7,15.32,22.49,9.93,22.25,14.35,10.31
Sunderland,:,:,2,1,4,4,1,1,2,2,1.75,1.33,3.62,2.33,5.87,3.08,2.5,2.25,1.58,2.67,6.42,2.58,:,4.15,1.08,0.2,2.98,7.08,6.68,14,7.92,3.95,6.18,8.45,4.42,7.58
Brighton and Hove,:,1,:,:,:,2.67,3,3,4.17,2,5.25,7.92,4.5,4.5,4.77,7.17,7.02,10.53,14.33,6.98,16.45,8.25,11.64,5.42,14.17,17.36,15.64,9.53,13.49,15.88,16.45,6.23,12.87,12.95,12.78,12.97
Swansea,:,:,:,:,:,3,5.5,6.66,11.45,2.5,5.25,11.5,8.5,12.86,17.09,11.7,8.38,8.02,13.04,7.41,16.25,16.91,18.05,25,20.85,16.81,25.61,20.94,15.73,22.43,25.71,16.71,20.42,11.35,19.12,9.38
Derby,:,:,1,:,:,1.5,1.33,3,0.5,2.75,4.25,12.83,6.75,6.5,23.65,8.67,9.67,10.53,10,14.53,9.37,18.18,25.75,17.85,26.42,26.43,41.73,44.93,39.6,40.27,35.2,80.9,70.82,59.88,110.05,40.48
Southampton,:,1,1.5,:,2,2.83,1,3,4.92,1.5,4.33,3.67,6.73,17.58,11.58,16.23,13.12,21.27,16.62,10.99,16.48,21.82,32.68,32.88,40.76,38.81,52.67,35.36,34.32,41.6,34.28,48.62,17.2,23.79,25.85,27.12
Bournemouth,:,:,:,8.33,3,5.5,10.5,15.17,20.94,16.33,16.91,29.44,30.24,28.64,31.81,29.75,31.22,29.72,29.6,28.46,36.7,30.99,42.75,47.18,64.02,60.53,44.19,45.6,51.22,50.75,43.25,60.18,40.54,41,57.13,43.97
Reading,5.5,11.5,12.37,16.83,13.75,20.17,42.83,36.49,38.78,50.98,51.23,99.07,83.6,112.49,98.96,95.9,82.63,84.88,107.39,110.3,126.83,167.22,187.43,196.25,176.97,169.63,174.84,143.93,179.13,196.54,215,202.15,216.79,196.8,197.35,134.68
Blackburn - Blackpool - Preston (NUTS 2010),:,:,:,:,:,:,:,:,:,:,24.42,45.54,36.41,40.03,40.4,50.35,44.14,:,50.33,:,:,79.78,68.05,72.63,60.65,55.71,:,60.63,71.98,82.93,64.85,61.68,:,36.2,59.73,:
Middlesbrough,:,:,:,1.5,:,:,3.67,6.2,4.33,6.6,12.66,11.5,20.09,14.08,25.25,26.52,25.12,14.98,18.73,22.77,20.55,23.64,18.73,30.44,24.89,30,31.36,26.64,28.52,36.7,19.31,28.52,27.2,23.75,29.94,13.21
Norwich (NUTS 2010),:,:,1.2,3.83,1.79,6,1.5,13.48,6.75,10.5,19.42,23,22.47,31.83,20.5,26,16.75,28.08,36.88,34.08,38.43,48.07,45.57,44.05,31.23,35.17,26.48,40.69,41.7,35.37,55.68,30.87,45.4,37.57,28.26,29.58
Cheshire West and Chester,:,:,6.83,:,:,:,30.96,23.9,27.05,34.43,42.17,45.84,41.13,44.06,66.94,55.37,59.44,50.37,61.36,49.74,50.15,53.19,47.17,51.9,48.38,60.73,41.12,39.59,57.48,60.45,62.94,43.39,56.03,50.59,48.56,33.77
